[?2026h[?25l[1Gpulling manifest ⠋ [K[?25h[?2026l[?2026h[?25l[1Gpulling manifest ⠙ [K[?25h[?2026l[?2026h[?25l[1Gpulling manifest ⠹ [K[?25h[?2026l[?2026h[?25l[1Gpulling manifest ⠸ [K[?25h[?2026l[?2026h[?25l[1Gpulling manifest ⠼ [K[?25h[?2026l[?2026h[?25l[1Gpulling manifest ⠴ [K[?25h[?2026l[?2026h[?25l[1Gpulling manifest ⠦ [K[?25h[?2026l[?2026h[?25l[1Gpulling manifest ⠧ [K[?25h[?2026l[?2026h[?25l[1Gpulling manifest ⠇ [K[?25h[?2026l[?2026h[?25l[1Gpulling manifest ⠏ [K[?25h[?2026l[?2026h[?25l[1Gpulling manifest ⠋ [K[?25h[?2026l[?2026h[?25l[1Gpulling manifest ⠙ [K[?25h[?2026l[?2026h[?25l[1Gpulling manifest ⠹ [K[?25h[?2026l[?2026h[?25l[1Gpulling manifest ⠸ [K[?25h[?2026l[?2026h[?25l[1Gpulling manifest ⠼ [K[?25h[?2026l[?2026h[?25l[1Gpulling manifest ⠴ [K[?25h[?2026l[?2026h[?25l[1Gpulling manifest ⠦ [K[?25h[?2026l[?2026h[?25l[1Gpulling manifest ⠧ [K[?25h[?2026l[?2026h[?25l[1Gpulling manifest ⠇ [K[?25h[?2026l[?2026h[?25l[1Gpulling manifest ⠏ [K[?25h[?2026l[?2026h[?25l[1Gpulling manifest ⠋ [K[?25h[?2026l[?2026h[?25l[1Gpulling manifest ⠙ [K[?25h[?2026l[?2026h[?25l[1Gpulling manifest [K
pulling 2049f5674b1e:   0% ▕                  ▏ 166 KB/9.0 GB                  [K[?25h[?2026l[?2026h[?25l[A[1Gpulling manifest [K
pulling 2049f5674b1e:   0% ▕                  ▏ 2.3 MB/9.0 GB                  [K[?25h[?2026l[?2026h[?25l[A[1Gpulling manifest [K
pulling 2049f5674b1e:   0% ▕                  ▏ 3.4 MB/9.0 GB                  [K[?25h[?2026l[?2026h[?25l[A[1Gpulling manifest [K
pulling 2049f5674b1e:   0% ▕                  ▏ 3.8 MB/9.0 GB                  [K[?25h[?2026l[?2026h[?25l[A[1Gpulling manifest [K
pulling 2049f5674b1e:   0% ▕                  ▏ 4.4 MB/9.0 GB                  [K[?25h[?2026l[?2026h[?25l[A[1Gpulling manifest [K
pulling 2049f5674b1e:   0% ▕                  ▏ 5.0 MB/9.0 GB                  [K[?25h[?2026l[?2026h[?25l[A[1Gpulling manifest [K
pulling 2049f5674b1e:   0% ▕                  ▏ 5.6 MB/9.0 GB                  [K[?25h[?2026l[?2026h[?25l[A[1Gpulling manifest [K
pulling 2049f5674b1e:   0% ▕                  ▏ 5.6 MB/9.0 GB                  [K[?25h[?2026l[?2026h[?25l[A[1Gpulling manifest [K
pulling 2049f5674b1e:   0% ▕                  ▏ 6.3 MB/9.0 GB                  [K[?25h[?2026l[?2026h[?25l[A[1Gpulling manifest [K
pulling 2049f5674b1e:   0% ▕                  ▏ 6.3 MB/9.0 GB                  [K[?25h[?2026l[?2026h[?25l[A[1Gpulling manifest [K
pulling 2049f5674b1e:   0% ▕                  ▏ 6.6 MB/9.0 GB                  [K[?25h[?2026l[?2026h[?25l[A[1Gpulling manifest [K
pulling 2049f5674b1e:   0% ▕                  ▏ 7.4 MB/9.0 GB  7.0 MB/s  21m28s[K[?25h[?2026l[?2026h[?25l[A[1Gpulling manifest [K
pulling 2049f5674b1e:   0% ▕                  ▏ 8.4 MB/9.0 GB  7.0 MB/s  21m28s[K[?25h[?2026l[?2026h[?25l[A[1Gpulling manifest [K
pulling 2049f5674b1e:   0% ▕                  ▏ 8.6 MB/9.0 GB  7.0 MB/s  21m28s[K[?25h[?2026l[?2026h[?25l[A[1Gpulling manifest [K
pulling 2049f5674b1e:   0% ▕                  ▏ 9.1 MB/9.0 GB  7.0 MB/s  21m28s[K[?25h[?2026l[?2026h[?25l[A[1Gpulling manifest [K
pulling 2049f5674b1e:   0% ▕                  ▏  10 MB/9.0 GB  7.0 MB/s  21m28s[K[?25h[?2026l[?2026h[?25l[A[1Gpulling manifest [K
pulling 2049f5674b1e:   0% ▕                  ▏  10 MB/9.0 GB  7.0 MB/s  21m28s[K[?25h[?2026l[?2026h[?25l[A[1Gpulling manifest [K
pulling 2049f5674b1e:   0% ▕                  ▏  11 MB/9.0 GB  7.0 MB/s  21m28s[K[?25h[?2026l[?2026h[?25l[A[1Gpulling manifest [K
pulling 2049f5674b1e:   0% ▕                  ▏  11 MB/9.0 GB  7.0 MB/s  21m28s[K[?25h[?2026l[?2026h[?25l[A[1Gpulling manifest [K
pulling 2049f5674b1e:   0% ▕                  ▏  11 MB/9.0 GB  7.0 MB/s  21m28s[K[?25h[?2026l[?2026h[?25l[A[1Gpulling manifest [K
pulling 2049f5674b1e:   0% ▕                  ▏  12 MB/9.0 GB  7.0 MB/s  21m28s[K[?25h[?2026l[?2026h[?25l[A[1Gpulling manifest [K
pulling 2049f5674b1e:   0% ▕                  ▏  13 MB/9.0 GB  6.3 MB/s  23m46s[K[?25h[?2026l[?2026h[?25l[A[1Gpulling manifest [K
pulling 2049f5674b1e:   0% ▕                  ▏  13 MB/9.0 GB  6.3 MB/s  23m46s[K[?25h[?2026l[?2026h[?25l[A[1Gpulling manifest [K
pulling 2049f5674b1e:   0% ▕                  ▏  14 MB/9.0 GB  6.3 MB/s  23m46s[K[?25h[?2026l[?2026h[?25l[A[1Gpulling manifest [K
pulling 2049f5674b1e:   0% ▕                  ▏  14 MB/9.0 GB  6.3 MB/s  23m46s[K[?25h[?2026l[?2026h[?25l[A[1Gpulling manifest [K
pulling 2049f5674b1e:   0% ▕                  ▏  14 MB/9.0 GB  6.3 MB/s  23m46s[K[?25h[?2026l[?2026h[?25l[A[1Gpulling manifest [K
pulling 2049f5674b1e:   0% ▕                  ▏  15 MB/9.0 GB  6.3 MB/s  23m46s[K[?25h[?2026l[?2026h[?25l[A[1Gpulling manifest [K
pulling 2049f5674b1e:   0% ▕                  ▏  15 MB/9.0 GB  6.3 MB/s  23m45s[K[?25h[?2026l[?2026h[?25l[A[1Gpulling manifest [K
pulling 2049f5674b1e:   0% ▕                  ▏  16 MB/9.0 GB  6.3 MB/s  23m45s[K[?25h[?2026l[?2026h[?25l[A[1Gpulling manifest [K
pulling 2049f5674b1e:   0% ▕                  ▏  16 MB/9.0 GB  6.3 MB/s  23m45s[K[?25h[?2026l[?2026h[?25l[A[1Gpulling manifest [K
pulling 2049f5674b1e:   0% ▕                  ▏  17 MB/9.0 GB  6.3 MB/s  23m45s[K[?25h[?2026l[?2026h[?25l[A[1Gpulling manifest [K
pulling 2049f5674b1e:   0% ▕                  ▏  17 MB/9.0 GB  5.9 MB/s  25m26s[K[?25h[?2026l[?2026h[?25l[A[1Gpulling manifest [K
pulling 2049f5674b1e:   0% ▕                  ▏  18 MB/9.0 GB  5.9 MB/s  25m26s[K[?25h[?2026l[?2026h[?25l[A[1Gpulling manifest [K
pulling 2049f5674b1e:   0% ▕                  ▏  18 MB/9.0 GB  5.9 MB/s  25m26s[K[?25h[?2026l[?2026h[?25l[A[1Gpulling manifest [K
pulling 2049f5674b1e:   0% ▕                  ▏  19 MB/9.0 GB  5.9 MB/s  25m26s[K[?25h[?2026l[?2026h[?25l[A[1Gpulling manifest [K
pulling 2049f5674b1e:   0% ▕                  ▏  19 MB/9.0 GB  5.9 MB/s  25m25s[K[?25h[?2026l[?2026h[?25l[A[1Gpulling manifest [K
pulling 2049f5674b1e:   0% ▕                  ▏  20 MB/9.0 GB  5.9 MB/s  25m25s[K[?25h[?2026l[?2026h[?25l[A[1Gpulling manifest [K
pulling 2049f5674b1e:   0% ▕                  ▏  20 MB/9.0 GB  5.9 MB/s  25m25s[K[?25h[?2026l[?2026h[?25l[A[1Gpulling manifest [K
pulling 2049f5674b1e:   0% ▕                  ▏  20 MB/9.0 GB  5.9 MB/s  25m25s[K[?25h[?2026l[?2026h[?25l[A[1Gpulling manifest [K
pulling 2049f5674b1e:   0% ▕                  ▏  21 MB/9.0 GB  5.9 MB/s  25m25s[K[?25h[?2026l[?2026h[?25l[A[1Gpulling manifest [K
pulling 2049f5674b1e:   0% ▕                  ▏  22 MB/9.0 GB  5.9 MB/s  25m25s[K[?25h[?2026l[?2026h[?25l[A[1Gpulling manifest [K
pulling 2049f5674b1e:   0% ▕                  ▏  22 MB/9.0 GB  5.7 MB/s  26m20s[K[?25h[?2026l[?2026h[?25l[A[1Gpulling manifest [K
pulling 2049f5674b1e:   0% ▕                  ▏  23 MB/9.0 GB  5.7 MB/s  26m20s[K[?25h[?2026l[?2026h[?25l[A[1Gpulling manifest [K
pulling 2049f5674b1e:   0% ▕                  ▏  23 MB/9.0 GB  5.7 MB/s  26m20s[K[?25h[?2026l[?2026h[?25l[A[1Gpulling manifest [K
pulling 2049f5674b1e:   0% ▕                  ▏  24 MB/9.0 GB  5.7 MB/s  26m20s[K[?25h[?2026l[?2026h[?25l[A[1Gpulling manifest [K
pulling 2049f5674b1e:   0% ▕                  ▏  24 MB/9.0 GB  5.7 MB/s  26m20s[K[?25h[?2026l[?2026h[?25l[A[1Gpulling manifest [K
pulling 2049f5674b1e:   0% ▕                  ▏  25 MB/9.0 GB  5.7 MB/s  26m20s[K[?25h[?2026l[?2026h[?25l[A[1Gpulling manifest [K
pulling 2049f5674b1e:   0% ▕                  ▏  25 MB/9.0 GB  5.7 MB/s  26m19s[K[?25h[?2026l[?2026h[?25l[A[1Gpulling manifest [K
pulling 2049f5674b1e:   0% ▕                  ▏  26 MB/9.0 GB  5.7 MB/s  26m19s[K[?25h[?2026l[?2026h[?25l[A[1Gpulling manifest [K
pulling 2049f5674b1e:   0% ▕                  ▏  26 MB/9.0 GB  5.7 MB/s  26m19s[K[?25h[?2026l[?2026h[?25l[A[1Gpulling manifest [K
pulling 2049f5674b1e:   0% ▕                  ▏  27 MB/9.0 GB  5.7 MB/s  26m19s[K[?25h[?2026l[?2026h[?25l[A[1Gpulling manifest [K
pulling 2049f5674b1e:   0% ▕                  ▏  27 MB/9.0 GB  5.5 MB/s  26m55s[K[?25h[?2026l[?2026h[?25l[A[1Gpulling manifest [K
pulling 2049f5674b1e:   0% ▕                  ▏  28 MB/9.0 GB  5.5 MB/s  26m55s[K[?25h[?2026l[?2026h[?25l[A[1Gpulling manifest [K
pulling 2049f5674b1e:   0% ▕                  ▏  28 MB/9.0 GB  5.5 MB/s  26m55s[K[?25h[?2026l[?2026h[?25l[A[1Gpulling manifest [K
pulling 2049f5674b1e:   0% ▕                  ▏  29 MB/9.0 GB  5.5 MB/s  26m55s[K[?25h[?2026l[?2026h[?25l[A[1Gpulling manifest [K
pulling 2049f5674b1e:   0% ▕                  ▏  29 MB/9.0 GB  5.5 MB/s  26m55s[K[?25h[?2026l[?2026h[?25l[A[1Gpulling manifest [K
pulling 2049f5674b1e:   0% ▕                  ▏  30 MB/9.0 GB  5.5 MB/s  26m55s[K[?25h[?2026l[?2026h[?25l[A[1Gpulling manifest [K
pulling 2049f5674b1e:   0% ▕                  ▏  30 MB/9.0 GB  5.5 MB/s  26m55s[K[?25h[?2026l[?2026h[?25l[A[1Gpulling manifest [K
pulling 2049f5674b1e:   0% ▕                  ▏  31 MB/9.0 GB  5.5 MB/s  26m55s[K[?25h[?2026l[?2026h[?25l[A[1Gpulling manifest [K
pulling 2049f5674b1e:   0% ▕                  ▏  31 MB/9.0 GB  5.5 MB/s  26m55s[K[?25h[?2026l[?2026h[?25l[A[1Gpulling manifest [K
pulling 2049f5674b1e:   0% ▕                  ▏  32 MB/9.0 GB  5.5 MB/s  26m55s[K[?25h[?2026l[?2026h[?25l[A[1Gpulling manifest [K
pulling 2049f5674b1e:   0% ▕                  ▏  32 MB/9.0 GB  5.5 MB/s  26m54s[K[?25h[?2026l[?2026h[?25l[A[1Gpulling manifest [K
pulling 2049f5674b1e:   0% ▕                  ▏  33 MB/9.0 GB  5.5 MB/s  27m21s[K[?25h[?2026l[?2026h[?25l[A[1Gpulling manifest [K
pulling 2049f5674b1e:   0% ▕                  ▏  33 MB/9.0 GB  5.5 MB/s  27m21s[K[?25h[?2026l[?2026h[?25l[A[1Gpulling manifest [K
pulling 2049f5674b1e:   0% ▕                  ▏  34 MB/9.0 GB  5.5 MB/s  27m21s[K[?25h[?2026l[?2026h[?25l[A[1Gpulling manifest [K
pulling 2049f5674b1e:   0% ▕                  ▏  34 MB/9.0 GB  5.5 MB/s  27m21s[K[?25h[?2026l[?2026h[?25l[A[1Gpulling manifest [K
pulling 2049f5674b1e:   0% ▕                  ▏  35 MB/9.0 GB  5.5 MB/s  27m21s[K[?25h[?2026l[?2026h[?25l[A[1Gpulling manifest [K
pulling 2049f5674b1e:   0% ▕                  ▏  35 MB/9.0 GB  5.5 MB/s  27m20s[K[?25h[?2026l[?2026h[?25l[A[1Gpulling manifest [K
pulling 2049f5674b1e:   0% ▕                  ▏  36 MB/9.0 GB  5.5 MB/s  27m20s[K[?25h[?2026l[?2026h[?25l[A[1Gpulling manifest [K
pulling 2049f5674b1e:   0% ▕                  ▏  36 MB/9.0 GB  5.5 MB/s  27m20s[K[?25h[?2026l[?2026h[?25l[A[1Gpulling manifest [K
pulling 2049f5674b1e:   0% ▕                  ▏  37 MB/9.0 GB  5.5 MB/s  27m20s[K[?25h[?2026l[?2026h[?25l[A[1Gpulling manifest [K
pulling 2049f5674b1e:   0% ▕                  ▏  37 MB/9.0 GB  5.5 MB/s  27m20s[K[?25h[?2026l[?2026h[?25l[A[1Gpulling manifest [K
pulling 2049f5674b1e:   0% ▕                  ▏  38 MB/9.0 GB  5.4 MB/s  27m36s[K[?25h[?2026l[?2026h[?25l[A[1Gpulling manifest [K
pulling 2049f5674b1e:   0% ▕                  ▏  38 MB/9.0 GB  5.4 MB/s  27m36s[K[?25h[?2026l[?2026h[?25l[A[1Gpulling manifest [K
pulling 2049f5674b1e:   0% ▕                  ▏  39 MB/9.0 GB  5.4 MB/s  27m36s[K[?25h[?2026l[?2026h[?25l[A[1Gpulling manifest [K
pulling 2049f5674b1e:   0% ▕                  ▏  39 MB/9.0 GB  5.4 MB/s  27m36s[K[?25h[?2026l[?2026h[?25l[A[1Gpulling manifest [K
pulling 2049f5674b1e:   0% ▕                  ▏  40 MB/9.0 GB  5.4 MB/s  27m36s[K[?25h[?2026l[?2026h[?25l[A[1Gpulling manifest [K
pulling 2049f5674b1e:   0% ▕                  ▏  40 MB/9.0 GB  5.4 MB/s  27m35s[K[?25h[?2026l[?2026h[?25l[A[1Gpulling manifest [K
pulling 2049f5674b1e:   0% ▕                  ▏  41 MB/9.0 GB  5.4 MB/s  27m35s[K[?25h[?2026l[?2026h[?25l[A[1Gpulling manifest [K
pulling 2049f5674b1e:   0% ▕                  ▏  41 MB/9.0 GB  5.4 MB/s  27m35s[K[?25h[?2026l[?2026h[?25l[A[1Gpulling manifest [K
pulling 2049f5674b1e:   0% ▕                  ▏  41 MB/9.0 GB  5.4 MB/s  27m35s[K[?25h[?2026l[?2026h[?25l[A[1Gpulling manifest [K
pulling 2049f5674b1e:   0% ▕                  ▏  42 MB/9.0 GB  5.4 MB/s  27m35s[K[?25h[?2026l[?2026h[?25l[A[1Gpulling manifest [K
pulling 2049f5674b1e:   0% ▕                  ▏  42 MB/9.0 GB  5.3 MB/s   28m4s[K[?25h[?2026l[?2026h[?25l[A[1Gpulling manifest [K
pulling 2049f5674b1e:   0% ▕                  ▏  43 MB/9.0 GB  5.3 MB/s   28m4s[K[?25h[?2026l[?2026h[?25l[A[1Gpulling manifest [K
pulling 2049f5674b1e:   0% ▕                  ▏  43 MB/9.0 GB  5.3 MB/s   28m4s[K[?25h[?2026l[?2026h[?25l[A[1Gpulling manifest [K
pulling 2049f5674b1e:   0% ▕                  ▏  43 MB/9.0 GB  5.3 MB/s   28m4s[K[?25h[?2026l[?2026h[?25l[A[1Gpulling manifest [K
pulling 2049f5674b1e:   0% ▕                  ▏  44 MB/9.0 GB  5.3 MB/s   28m4s[K[?25h[?2026l[?2026h[?25l[A[1Gpulling manifest [K
pulling 2049f5674b1e:   1% ▕                  ▏  45 MB/9.0 GB  5.3 MB/s   28m3s[K[?25h[?2026l[?2026h[?25l[A[1Gpulling manifest [K
pulling 2049f5674b1e:   1% ▕                  ▏  45 MB/9.0 GB  5.3 MB/s   28m3s[K[?25h[?2026l[?2026h[?25l[A[1Gpulling manifest [K
pulling 2049f5674b1e:   1% ▕                  ▏  45 MB/9.0 GB  5.3 MB/s   28m3s[K[?25h[?2026l[?2026h[?25l[A[1Gpulling manifest [K
pulling 2049f5674b1e:   1% ▕                  ▏  46 MB/9.0 GB  5.3 MB/s   28m3s[K[?25h[?2026l[?2026h[?25l[A[1Gpulling manifest [K
pulling 2049f5674b1e:   1% ▕                  ▏  46 MB/9.0 GB  5.3 MB/s   28m3s[K[?25h[?2026l[?2026h[?25l[A[1Gpulling manifest [K
pulling 2049f5674b1e:   1% ▕                  ▏  47 MB/9.0 GB  5.2 MB/s  28m28s[K[?25h[?2026l[?2026h[?25l[A[1Gpulling manifest [K
pulling 2049f5674b1e:   1% ▕                  ▏  47 MB/9.0 GB  5.2 MB/s  28m28s[K[?25h[?2026l[?2026h[?25l[A[1Gpulling manifest [K
pulling 2049f5674b1e:   1% ▕                  ▏  48 MB/9.0 GB  5.2 MB/s  28m28s[K[?25h[?2026l[?2026h[?25l[A[1Gpulling manifest [K
pulling 2049f5674b1e:   1% ▕                  ▏  48 MB/9.0 GB  5.2 MB/s  28m27s[K[?25h[?2026l[?2026h[?25l[A[1Gpulling manifest [K
pulling 2049f5674b1e:   1% ▕                  ▏  49 MB/9.0 GB  5.2 MB/s  28m27s[K[?25h[?2026l[?2026h[?25l[A[1Gpulling manifest [K
pulling 2049f5674b1e:   1% ▕                  ▏  49 MB/9.0 GB  5.2 MB/s  28m27s[K[?25h[?2026l[?2026h[?25l[A[1Gpulling manifest [K
pulling 2049f5674b1e:   1% ▕                  ▏  50 MB/9.0 GB  5.2 MB/s  28m27s[K[?25h[?2026l[?2026h[?25l[A[1Gpulling manifest [K
pulling 2049f5674b1e:   1% ▕                  ▏  50 MB/9.0 GB  5.2 MB/s  28m27s[K[?25h[?2026l[?2026h[?25l[A[1Gpulling manifest [K
pulling 2049f5674b1e:   1% ▕                  ▏  50 MB/9.0 GB  5.2 MB/s  28m27s[K[?25h[?2026l[?2026h[?25l[A[1Gpulling manifest [K
pulling 2049f5674b1e:   1% ▕                  ▏  51 MB/9.0 GB  5.2 MB/s  28m27s[K[?25h[?2026l[?2026h[?25l[A[1Gpulling manifest [K
pulling 2049f5674b1e:   1% ▕                  ▏  51 MB/9.0 GB  5.0 MB/s  29m55s[K[?25h[?2026l[?2026h[?25l[A[1Gpulling manifest [K
pulling 2049f5674b1e:   1% ▕                  ▏  52 MB/9.0 GB  5.0 MB/s  29m55s[K[?25h[?2026l[?2026h[?25l[A[1Gpulling manifest [K
pulling 2049f5674b1e:   1% ▕                  ▏  52 MB/9.0 GB  5.0 MB/s  29m54s[K[?25h[?2026l[?2026h[?25l[A[1Gpulling manifest [K
pulling 2049f5674b1e:   1% ▕                  ▏  53 MB/9.0 GB  5.0 MB/s  29m54s[K[?25h[?2026l[?2026h[?25l[A[1Gpulling manifest [K
pulling 2049f5674b1e:   1% ▕                  ▏  53 MB/9.0 GB  5.0 MB/s  29m54s[K[?25h[?2026l[?2026h[?25l[A[1Gpulling manifest [K
pulling 2049f5674b1e:   1% ▕                  ▏  54 MB/9.0 GB  5.0 MB/s  29m54s[K[?25h[?2026l[?2026h[?25l[A[1Gpulling manifest [K
pulling 2049f5674b1e:   1% ▕                  ▏  54 MB/9.0 GB  5.0 MB/s  29m54s[K[?25h[?2026l[?2026h[?25l[A[1Gpulling manifest [K
pulling 2049f5674b1e:   1% ▕                  ▏  55 MB/9.0 GB  5.0 MB/s  29m54s[K[?25h[?2026l[?2026h[?25l[A[1Gpulling manifest [K
pulling 2049f5674b1e:   1% ▕                  ▏  55 MB/9.0 GB  5.0 MB/s  29m54s[K[?25h[?2026l[?2026h[?25l[A[1Gpulling manifest [K
pulling 2049f5674b1e:   1% ▕                  ▏  56 MB/9.0 GB  5.0 MB/s  29m54s[K[?25h[?2026l[?2026h[?25l[A[1Gpulling manifest [K
pulling 2049f5674b1e:   1% ▕                  ▏  56 MB/9.0 GB  5.0 MB/s  29m54s[K[?25h[?2026l[?2026h[?25l[A[1Gpulling manifest [K
pulling 2049f5674b1e:   1% ▕                  ▏  57 MB/9.0 GB  4.9 MB/s  30m25s[K[?25h[?2026l[?2026h[?25l[A[1Gpulling manifest [K
pulling 2049f5674b1e:   1% ▕                  ▏  57 MB/9.0 GB  4.9 MB/s  30m25s[K[?25h[?2026l[?2026h[?25l[A[1Gpulling manifest [K
pulling 2049f5674b1e:   1% ▕                  ▏  57 MB/9.0 GB  4.9 MB/s  30m25s[K[?25h[?2026l[?2026h[?25l[A[1Gpulling manifest [K
pulling 2049f5674b1e:   1% ▕                  ▏  58 MB/9.0 GB  4.9 MB/s  30m25s[K[?25h[?2026l[?2026h[?25l[A[1Gpulling manifest [K
pulling 2049f5674b1e:   1% ▕                  ▏  59 MB/9.0 GB  4.9 MB/s  30m25s[K[?25h[?2026l[?2026h[?25l[A[1Gpulling manifest [K
pulling 2049f5674b1e:   1% ▕                  ▏  59 MB/9.0 GB  4.9 MB/s  30m25s[K[?25h[?2026l[?2026h[?25l[A[1Gpulling manifest [K
pulling 2049f5674b1e:   1% ▕                  ▏  59 MB/9.0 GB  4.9 MB/s  30m25s[K[?25h[?2026l[?2026h[?25l[A[1Gpulling manifest [K
pulling 2049f5674b1e:   1% ▕                  ▏  60 MB/9.0 GB  4.9 MB/s  30m25s[K[?25h[?2026l[?2026h[?25l[A[1Gpulling manifest [K
pulling 2049f5674b1e:   1% ▕                  ▏  60 MB/9.0 GB  4.9 MB/s  30m25s[K[?25h[?2026l[?2026h[?25l[A[1Gpulling manifest [K
pulling 2049f5674b1e:   1% ▕                  ▏  61 MB/9.0 GB  4.9 MB/s  30m25s[K[?25h[?2026l[?2026h[?25l[A[1Gpulling manifest [K
pulling 2049f5674b1e:   1% ▕                  ▏  61 MB/9.0 GB  4.9 MB/s  30m37s[K[?25h[?2026l[?2026h[?25l[A[1Gpulling manifest [K
pulling 2049f5674b1e:   1% ▕                  ▏  62 MB/9.0 GB  4.9 MB/s  30m37s[K[?25h[?2026l[?2026h[?25l[A[1Gpulling manifest [K
pulling 2049f5674b1e:   1% ▕                  ▏  62 MB/9.0 GB  4.9 MB/s  30m37s[K[?25h[?2026l[?2026h[?25l[A[1Gpulling manifest [K
pulling 2049f5674b1e:   1% ▕                  ▏  63 MB/9.0 GB  4.9 MB/s  30m37s[K[?25h[?2026l[?2026h[?25l[A[1Gpulling manifest [K
pulling 2049f5674b1e:   1% ▕                  ▏  63 MB/9.0 GB  4.9 MB/s  30m37s[K[?25h[?2026l[?2026h[?25l[A[1Gpulling manifest [K
pulling 2049f5674b1e:   1% ▕                  ▏  63 MB/9.0 GB  4.9 MB/s  30m36s[K[?25h[?2026l[?2026h[?25l[A[1Gpulling manifest [K
pulling 2049f5674b1e:   1% ▕                  ▏  64 MB/9.0 GB  4.9 MB/s  30m36s[K[?25h[?2026l[?2026h[?25l[A[1Gpulling manifest [K
pulling 2049f5674b1e:   1% ▕                  ▏  64 MB/9.0 GB  4.9 MB/s  30m36s[K[?25h[?2026l[?2026h[?25l[A[1Gpulling manifest [K
pulling 2049f5674b1e:   1% ▕                  ▏  65 MB/9.0 GB  4.9 MB/s  30m36s[K[?25h[?2026l[?2026h[?25l[A[1Gpulling manifest [K
pulling 2049f5674b1e:   1% ▕                  ▏  65 MB/9.0 GB  4.9 MB/s  30m36s[K[?25h[?2026l[?2026h[?25l[A[1Gpulling manifest [K
pulling 2049f5674b1e:   1% ▕                  ▏  66 MB/9.0 GB  4.8 MB/s  30m53s[K[?25h[?2026l[?2026h[?25l[A[1Gpulling manifest [K
pulling 2049f5674b1e:   1% ▕                  ▏  66 MB/9.0 GB  4.8 MB/s  30m53s[K[?25h[?2026l[?2026h[?25l[A[1Gpulling manifest [K
pulling 2049f5674b1e:   1% ▕                  ▏  67 MB/9.0 GB  4.8 MB/s  30m53s[K[?25h[?2026l[?2026h[?25l[A[1Gpulling manifest [K
pulling 2049f5674b1e:   1% ▕                  ▏  67 MB/9.0 GB  4.8 MB/s  30m53s[K[?25h[?2026l[?2026h[?25l[A[1Gpulling manifest [K
pulling 2049f5674b1e:   1% ▕                  ▏  68 MB/9.0 GB  4.8 MB/s  30m53s[K[?25h[?2026l[?2026h[?25l[A[1Gpulling manifest [K
pulling 2049f5674b1e:   1% ▕                  ▏  68 MB/9.0 GB  4.8 MB/s  30m53s[K[?25h[?2026l[?2026h[?25l[A[1Gpulling manifest [K
pulling 2049f5674b1e:   1% ▕                  ▏  69 MB/9.0 GB  4.8 MB/s  30m53s[K[?25h[?2026l[?2026h[?25l[A[1Gpulling manifest [K
pulling 2049f5674b1e:   1% ▕                  ▏  69 MB/9.0 GB  4.8 MB/s  30m53s[K[?25h[?2026l[?2026h[?25l[A[1Gpulling manifest [K
pulling 2049f5674b1e:   1% ▕                  ▏  70 MB/9.0 GB  4.8 MB/s  30m53s[K[?25h[?2026l[?2026h[?25l[A[1Gpulling manifest [K
pulling 2049f5674b1e:   1% ▕                  ▏  70 MB/9.0 GB  4.8 MB/s  30m52s[K[?25h[?2026l[?2026h[?25l[A[1Gpulling manifest [K
pulling 2049f5674b1e:   1% ▕                  ▏  71 MB/9.0 GB  4.8 MB/s   31m1s[K[?25h[?2026l[?2026h[?25l[A[1Gpulling manifest [K
pulling 2049f5674b1e:   1% ▕                  ▏  71 MB/9.0 GB  4.8 MB/s   31m1s[K[?25h[?2026l[?2026h[?25l[A[1Gpulling manifest [K
pulling 2049f5674b1e:   1% ▕                  ▏  71 MB/9.0 GB  4.8 MB/s   31m1s[K[?25h[?2026l[?2026h[?25l[A[1Gpulling manifest [K
pulling 2049f5674b1e:   1% ▕                  ▏  72 MB/9.0 GB  4.8 MB/s   31m1s[K[?25h[?2026l[?2026h[?25l[A[1Gpulling manifest [K
pulling 2049f5674b1e:   1% ▕                  ▏  72 MB/9.0 GB  4.8 MB/s   31m1s[K[?25h[?2026l[?2026h[?25l[A[1Gpulling manifest [K
pulling 2049f5674b1e:   1% ▕                  ▏  73 MB/9.0 GB  4.8 MB/s   31m0s[K[?25h[?2026l[?2026h[?25l[A[1Gpulling manifest [K
pulling 2049f5674b1e:   1% ▕                  ▏  73 MB/9.0 GB  4.8 MB/s   31m0s[K[?25h[?2026l[?2026h[?25l[A[1Gpulling manifest [K
pulling 2049f5674b1e:   1% ▕                  ▏  74 MB/9.0 GB  4.8 MB/s   31m0s[K[?25h[?2026l[?2026h[?25l[A[1Gpulling manifest [K
pulling 2049f5674b1e:   1% ▕                  ▏  74 MB/9.0 GB  4.8 MB/s   31m0s[K[?25h[?2026l[?2026h[?25l[A[1Gpulling manifest [K
pulling 2049f5674b1e:   1% ▕                  ▏  75 MB/9.0 GB  4.8 MB/s   31m0s[K[?25h[?2026l[?2026h[?25l[A[1Gpulling manifest [K
pulling 2049f5674b1e:   1% ▕                  ▏  75 MB/9.0 GB  4.8 MB/s   31m5s[K[?25h[?2026l[?2026h[?25l[A[1Gpulling manifest [K
pulling 2049f5674b1e:   1% ▕                  ▏  76 MB/9.0 GB  4.8 MB/s   31m5s[K[?25h[?2026l[?2026h[?25l[A[1Gpulling manifest [K
pulling 2049f5674b1e:   1% ▕                  ▏  76 MB/9.0 GB  4.8 MB/s   31m5s[K[?25h[?2026l[?2026h[?25l[A[1Gpulling manifest [K
pulling 2049f5674b1e:   1% ▕                  ▏  77 MB/9.0 GB  4.8 MB/s   31m5s[K[?25h[?2026l[?2026h[?25l[A[1Gpulling manifest [K
pulling 2049f5674b1e:   1% ▕                  ▏  77 MB/9.0 GB  4.8 MB/s   31m5s[K[?25h[?2026l[?2026h[?25l[A[1Gpulling manifest [K
pulling 2049f5674b1e:   1% ▕                  ▏  78 MB/9.0 GB  4.8 MB/s   31m5s[K[?25h[?2026l[?2026h[?25l[A[1Gpulling manifest [K
pulling 2049f5674b1e:   1% ▕                  ▏  78 MB/9.0 GB  4.8 MB/s   31m5s[K[?25h[?2026l[?2026h[?25l[A[1Gpulling manifest [K
pulling 2049f5674b1e:   1% ▕                  ▏  78 MB/9.0 GB  4.8 MB/s   31m4s[K[?25h[?2026l[?2026h[?25l[A[1Gpulling manifest [K
pulling 2049f5674b1e:   1% ▕                  ▏  79 MB/9.0 GB  4.8 MB/s   31m4s[K[?25h[?2026l[?2026h[?25l[A[1Gpulling manifest [K
pulling 2049f5674b1e:   1% ▕                  ▏  80 MB/9.0 GB  4.8 MB/s   31m4s[K[?25h[?2026l[?2026h[?25l[A[1Gpulling manifest [K
pulling 2049f5674b1e:   1% ▕                  ▏  80 MB/9.0 GB  4.8 MB/s   31m4s[K[?25h[?2026l[?2026h[?25l[A[1Gpulling manifest [K
pulling 2049f5674b1e:   1% ▕                  ▏  80 MB/9.0 GB  4.7 MB/s  31m19s[K[?25h[?2026l[?2026h[?25l[A[1Gpulling manifest [K
pulling 2049f5674b1e:   1% ▕                  ▏  81 MB/9.0 GB  4.7 MB/s  31m19s[K[?25h[?2026l[?2026h[?25l[A[1Gpulling manifest [K
pulling 2049f5674b1e:   1% ▕                  ▏  81 MB/9.0 GB  4.7 MB/s  31m19s[K[?25h[?2026l[?2026h[?25l[A[1Gpulling manifest [K
pulling 2049f5674b1e:   1% ▕                  ▏  82 MB/9.0 GB  4.7 MB/s  31m18s[K[?25h[?2026l[?2026h[?25l[A[1Gpulling manifest [K
pulling 2049f5674b1e:   1% ▕                  ▏  82 MB/9.0 GB  4.7 MB/s  31m18s[K[?25h[?2026l[?2026h[?25l[A[1Gpulling manifest [K
pulling 2049f5674b1e:   1% ▕                  ▏  83 MB/9.0 GB  4.7 MB/s  31m18s[K[?25h[?2026l[?2026h[?25l[A[1Gpulling manifest [K
pulling 2049f5674b1e:   1% ▕                  ▏  83 MB/9.0 GB  4.7 MB/s  31m18s[K[?25h[?2026l[?2026h[?25l[A[1Gpulling manifest [K
pulling 2049f5674b1e:   1% ▕                  ▏  84 MB/9.0 GB  4.7 MB/s  31m18s[K[?25h[?2026l[?2026h[?25l[A[1Gpulling manifest [K
pulling 2049f5674b1e:   1% ▕                  ▏  84 MB/9.0 GB  4.7 MB/s  31m18s[K[?25h[?2026l[?2026h[?25l[A[1Gpulling manifest [K
pulling 2049f5674b1e:   1% ▕                  ▏  85 MB/9.0 GB  4.7 MB/s  31m18s[K[?25h[?2026l[?2026h[?25l[A[1Gpulling manifest [K
pulling 2049f5674b1e:   1% ▕                  ▏  85 MB/9.0 GB  4.8 MB/s  31m12s[K[?25h[?2026l[?2026h[?25l[A[1Gpulling manifest [K
pulling 2049f5674b1e:   1% ▕                  ▏  86 MB/9.0 GB  4.8 MB/s  31m12s[K[?25h[?2026l[?2026h[?25l[A[1Gpulling manifest [K
pulling 2049f5674b1e:   1% ▕                  ▏  86 MB/9.0 GB  4.8 MB/s  31m12s[K[?25h[?2026l[?2026h[?25l[A[1Gpulling manifest [K
pulling 2049f5674b1e:   1% ▕                  ▏  87 MB/9.0 GB  4.8 MB/s  31m12s[K[?25h[?2026l[?2026h[?25l[A[1Gpulling manifest [K
pulling 2049f5674b1e:   1% ▕                  ▏  87 MB/9.0 GB  4.8 MB/s  31m12s[K[?25h[?2026l[?2026h[?25l[A[1Gpulling manifest [K
pulling 2049f5674b1e:   1% ▕                  ▏  88 MB/9.0 GB  4.8 MB/s  31m11s[K[?25h[?2026l[?2026h[?25l[A[1Gpulling manifest [K
pulling 2049f5674b1e:   1% ▕                  ▏  88 MB/9.0 GB  4.8 MB/s  31m11s[K[?25h[?2026l[?2026h[?25l[A[1Gpulling manifest [K
pulling 2049f5674b1e:   1% ▕                  ▏  88 MB/9.0 GB  4.8 MB/s  31m11s[K[?25h[?2026l[?2026h[?25l[A[1Gpulling manifest [K
pulling 2049f5674b1e:   1% ▕                  ▏  89 MB/9.0 GB  4.8 MB/s  31m11s[K[?25h[?2026l[?2026h[?25l[A[1Gpulling manifest [K
pulling 2049f5674b1e:   1% ▕                  ▏  90 MB/9.0 GB  4.8 MB/s  31m11s[K[?25h[?2026l[?2026h[?25l[A[1Gpulling manifest [K
pulling 2049f5674b1e:   1% ▕                  ▏  90 MB/9.0 GB  4.8 MB/s  30m58s[K[?25h[?2026l[?2026h[?25l[A[1Gpulling manifest [K
pulling 2049f5674b1e:   1% ▕                  ▏  90 MB/9.0 GB  4.8 MB/s  30m58s[K[?25h[?2026l[?2026h[?25l[A[1Gpulling manifest [K
pulling 2049f5674b1e:   1% ▕                  ▏  91 MB/9.0 GB  4.8 MB/s  30m58s[K[?25h[?2026l[?2026h[?25l[A[1Gpulling manifest [K
pulling 2049f5674b1e:   1% ▕                  ▏  91 MB/9.0 GB  4.8 MB/s  30m58s[K[?25h[?2026l[?2026h[?25l[A[1Gpulling manifest [K
pulling 2049f5674b1e:   1% ▕                  ▏  92 MB/9.0 GB  4.8 MB/s  30m58s[K[?25h[?2026l[?2026h[?25l[A[1Gpulling manifest [K
pulling 2049f5674b1e:   1% ▕                  ▏  92 MB/9.0 GB  4.8 MB/s  30m58s[K[?25h[?2026l[?2026h[?25l[A[1Gpulling manifest [K
pulling 2049f5674b1e:   1% ▕                  ▏  93 MB/9.0 GB  4.8 MB/s  30m58s[K[?25h[?2026l[?2026h[?25l[A[1Gpulling manifest [K
pulling 2049f5674b1e:   1% ▕                  ▏  93 MB/9.0 GB  4.8 MB/s  30m58s[K[?25h[?2026l[?2026h[?25l[A[1Gpulling manifest [K
pulling 2049f5674b1e:   1% ▕                  ▏  94 MB/9.0 GB  4.8 MB/s  30m58s[K[?25h[?2026l[?2026h[?25l[A[1Gpulling manifest [K
pulling 2049f5674b1e:   1% ▕                  ▏  94 MB/9.0 GB  4.8 MB/s  30m58s[K[?25h[?2026l[?2026h[?25l[A[1Gpulling manifest [K
pulling 2049f5674b1e:   1% ▕                  ▏  95 MB/9.0 GB  4.8 MB/s  30m52s[K[?25h[?2026l[?2026h[?25l[A[1Gpulling manifest [K
pulling 2049f5674b1e:   1% ▕                  ▏  95 MB/9.0 GB  4.8 MB/s  30m52s[K[?25h[?2026l[?2026h[?25l[A[1Gpulling manifest [K
pulling 2049f5674b1e:   1% ▕                  ▏  96 MB/9.0 GB  4.8 MB/s  30m52s[K[?25h[?2026l[?2026h[?25l[A[1Gpulling manifest [K
pulling 2049f5674b1e:   1% ▕                  ▏  96 MB/9.0 GB  4.8 MB/s  30m52s[K[?25h[?2026l[?2026h[?25l[A[1Gpulling manifest [K
pulling 2049f5674b1e:   1% ▕                  ▏  97 MB/9.0 GB  4.8 MB/s  30m52s[K[?25h[?2026l[?2026h[?25l[A[1Gpulling manifest [K
pulling 2049f5674b1e:   1% ▕                  ▏  97 MB/9.0 GB  4.8 MB/s  30m52s[K[?25h[?2026l[?2026h[?25l[A[1Gpulling manifest [K
pulling 2049f5674b1e:   1% ▕                  ▏  98 MB/9.0 GB  4.8 MB/s  30m51s[K[?25h[?2026l[?2026h[?25l[A[1Gpulling manifest [K
pulling 2049f5674b1e:   1% ▕                  ▏  98 MB/9.0 GB  4.8 MB/s  30m51s[K[?25h[?2026l[?2026h[?25l[A[1Gpulling manifest [K
pulling 2049f5674b1e:   1% ▕                  ▏  98 MB/9.0 GB  4.8 MB/s  30m51s[K[?25h[?2026l[?2026h[?25l[A[1Gpulling manifest [K
pulling 2049f5674b1e:   1% ▕                  ▏  99 MB/9.0 GB  4.8 MB/s  30m51s[K[?25h[?2026l[?2026h[?25l[A[1Gpulling manifest [K
pulling 2049f5674b1e:   1% ▕                  ▏  99 MB/9.0 GB  4.8 MB/s  30m52s[K[?25h[?2026l[?2026h[?25l[A[1Gpulling manifest [K
pulling 2049f5674b1e:   1% ▕                  ▏ 100 MB/9.0 GB  4.8 MB/s  30m52s[K[?25h[?2026l[?2026h[?25l[A[1Gpulling manifest [K
pulling 2049f5674b1e:   1% ▕                  ▏ 100 MB/9.0 GB  4.8 MB/s  30m51s[K[?25h[?2026l[?2026h[?25l[A[1Gpulling manifest [K
pulling 2049f5674b1e:   1% ▕                  ▏ 101 MB/9.0 GB  4.8 MB/s  30m51s[K[?25h[?2026l[?2026h[?25l[A[1Gpulling manifest [K
pulling 2049f5674b1e:   1% ▕                  ▏ 101 MB/9.0 GB  4.8 MB/s  30m51s[K[?25h[?2026l[?2026h[?25l[A[1Gpulling manifest [K
pulling 2049f5674b1e:   1% ▕                  ▏ 102 MB/9.0 GB  4.8 MB/s  30m51s[K[?25h[?2026l[?2026h[?25l[A[1Gpulling manifest [K
pulling 2049f5674b1e:   1% ▕                  ▏ 102 MB/9.0 GB  4.8 MB/s  30m51s[K[?25h[?2026l[?2026h[?25l[A[1Gpulling manifest [K
pulling 2049f5674b1e:   1% ▕                  ▏ 103 MB/9.0 GB  4.8 MB/s  30m51s[K[?25h[?2026l[?2026h[?25l[A[1Gpulling manifest [K
pulling 2049f5674b1e:   1% ▕                  ▏ 103 MB/9.0 GB  4.8 MB/s  30m51s[K[?25h[?2026l[?2026h[?25l[A[1Gpulling manifest [K
pulling 2049f5674b1e:   1% ▕                  ▏ 104 MB/9.0 GB  4.8 MB/s  30m51s[K[?25h[?2026l[?2026h[?25l[A[1Gpulling manifest [K
pulling 2049f5674b1e:   1% ▕                  ▏ 104 MB/9.0 GB  4.8 MB/s  30m51s[K[?25h[?2026l[?2026h[?25l[A[1Gpulling manifest [K
pulling 2049f5674b1e:   1% ▕                  ▏ 105 MB/9.0 GB  4.8 MB/s  30m50s[K[?25h[?2026l[?2026h[?25l[A[1Gpulling manifest [K
pulling 2049f5674b1e:   1% ▕                  ▏ 105 MB/9.0 GB  4.8 MB/s  30m50s[K[?25h[?2026l[?2026h[?25l[A[1Gpulling manifest [K
pulling 2049f5674b1e:   1% ▕                  ▏ 105 MB/9.0 GB  4.8 MB/s  30m50s[K[?25h[?2026l[?2026h[?25l[A[1Gpulling manifest [K
pulling 2049f5674b1e:   1% ▕                  ▏ 106 MB/9.0 GB  4.8 MB/s  30m49s[K[?25h[?2026l[?2026h[?25l[A[1Gpulling manifest [K
pulling 2049f5674b1e:   1% ▕                  ▏ 107 MB/9.0 GB  4.8 MB/s  30m49s[K[?25h[?2026l[?2026h[?25l[A[1Gpulling manifest [K
pulling 2049f5674b1e:   1% ▕                  ▏ 107 MB/9.0 GB  4.8 MB/s  30m49s[K[?25h[?2026l[?2026h[?25l[A[1Gpulling manifest [K
pulling 2049f5674b1e:   1% ▕                  ▏ 107 MB/9.0 GB  4.8 MB/s  30m49s[K[?25h[?2026l[?2026h[?25l[A[1Gpulling manifest [K
pulling 2049f5674b1e:   1% ▕                  ▏ 108 MB/9.0 GB  4.8 MB/s  30m49s[K[?25h[?2026l[?2026h[?25l[A[1Gpulling manifest [K
pulling 2049f5674b1e:   1% ▕                  ▏ 108 MB/9.0 GB  4.8 MB/s  30m49s[K[?25h[?2026l[?2026h[?25l[A[1Gpulling manifest [K
pulling 2049f5674b1e:   1% ▕                  ▏ 109 MB/9.0 GB  4.8 MB/s  30m49s[K[?25h[?2026l[?2026h[?25l[A[1Gpulling manifest [K
pulling 2049f5674b1e:   1% ▕                  ▏ 109 MB/9.0 GB  4.8 MB/s  30m44s[K[?25h[?2026l[?2026h[?25l[A[1Gpulling manifest [K
pulling 2049f5674b1e:   1% ▕                  ▏ 110 MB/9.0 GB  4.8 MB/s  30m44s[K[?25h[?2026l[?2026h[?25l[A[1Gpulling manifest [K
pulling 2049f5674b1e:   1% ▕                  ▏ 110 MB/9.0 GB  4.8 MB/s  30m44s[K[?25h[?2026l[?2026h[?25l[A[1Gpulling manifest [K
pulling 2049f5674b1e:   1% ▕                  ▏ 111 MB/9.0 GB  4.8 MB/s  30m44s[K[?25h[?2026l[?2026h[?25l[A[1Gpulling manifest [K
pulling 2049f5674b1e:   1% ▕                  ▏ 111 MB/9.0 GB  4.8 MB/s  30m44s[K[?25h[?2026l[?2026h[?25l[A[1Gpulling manifest [K
pulling 2049f5674b1e:   1% ▕                  ▏ 112 MB/9.0 GB  4.8 MB/s  30m44s[K[?25h[?2026l[?2026h[?25l[A[1Gpulling manifest [K
pulling 2049f5674b1e:   1% ▕                  ▏ 112 MB/9.0 GB  4.8 MB/s  30m44s[K[?25h[?2026l[?2026h[?25l[A[1Gpulling manifest [K
pulling 2049f5674b1e:   1% ▕                  ▏ 112 MB/9.0 GB  4.8 MB/s  30m44s[K[?25h[?2026l[?2026h[?25l[A[1Gpulling manifest [K
pulling 2049f5674b1e:   1% ▕                  ▏ 113 MB/9.0 GB  4.8 MB/s  30m43s[K[?25h[?2026l[?2026h[?25l[A[1Gpulling manifest [K
pulling 2049f5674b1e:   1% ▕                  ▏ 113 MB/9.0 GB  4.8 MB/s  30m43s[K[?25h[?2026l[?2026h[?25l[A[1Gpulling manifest [K
pulling 2049f5674b1e:   1% ▕                  ▏ 114 MB/9.0 GB  4.8 MB/s  30m46s[K[?25h[?2026l[?2026h[?25l[A[1Gpulling manifest [K
pulling 2049f5674b1e:   1% ▕                  ▏ 114 MB/9.0 GB  4.8 MB/s  30m46s[K[?25h[?2026l[?2026h[?25l[A[1Gpulling manifest [K
pulling 2049f5674b1e:   1% ▕                  ▏ 115 MB/9.0 GB  4.8 MB/s  30m45s[K[?25h[?2026l[?2026h[?25l[A[1Gpulling manifest [K
pulling 2049f5674b1e:   1% ▕                  ▏ 115 MB/9.0 GB  4.8 MB/s  30m45s[K[?25h[?2026l[?2026h[?25l[A[1Gpulling manifest [K
pulling 2049f5674b1e:   1% ▕                  ▏ 116 MB/9.0 GB  4.8 MB/s  30m45s[K[?25h[?2026l[?2026h[?25l[A[1Gpulling manifest [K
pulling 2049f5674b1e:   1% ▕                  ▏ 116 MB/9.0 GB  4.8 MB/s  30m45s[K[?25h[?2026l[?2026h[?25l[A[1Gpulling manifest [K
pulling 2049f5674b1e:   1% ▕                  ▏ 117 MB/9.0 GB  4.8 MB/s  30m45s[K[?25h[?2026l[?2026h[?25l[A[1Gpulling manifest [K
pulling 2049f5674b1e:   1% ▕                  ▏ 117 MB/9.0 GB  4.8 MB/s  30m45s[K[?25h[?2026l[?2026h[?25l[A[1Gpulling manifest [K
pulling 2049f5674b1e:   1% ▕                  ▏ 118 MB/9.0 GB  4.8 MB/s  30m45s[K[?25h[?2026l[?2026h[?25l[A[1Gpulling manifest [K
pulling 2049f5674b1e:   1% ▕                  ▏ 118 MB/9.0 GB  4.8 MB/s  30m45s[K[?25h[?2026l[?2026h[?25l[A[1Gpulling manifest [K
pulling 2049f5674b1e:   1% ▕                  ▏ 119 MB/9.0 GB  4.8 MB/s  30m41s[K[?25h[?2026l[?2026h[?25l[A[1Gpulling manifest [K
pulling 2049f5674b1e:   1% ▕                  ▏ 119 MB/9.0 GB  4.8 MB/s  30m41s[K[?25h[?2026l[?2026h[?25l[A[1Gpulling manifest [K
pulling 2049f5674b1e:   1% ▕                  ▏ 120 MB/9.0 GB  4.8 MB/s  30m41s[K[?25h[?2026l[?2026h[?25l[A[1Gpulling manifest [K
pulling 2049f5674b1e:   1% ▕                  ▏ 120 MB/9.0 GB  4.8 MB/s  30m41s[K[?25h[?2026l[?2026h[?25l[A[1Gpulling manifest [K
pulling 2049f5674b1e:   1% ▕                  ▏ 121 MB/9.0 GB  4.8 MB/s  30m41s[K[?25h[?2026l[?2026h[?25l[A[1Gpulling manifest [K
pulling 2049f5674b1e:   1% ▕                  ▏ 121 MB/9.0 GB  4.8 MB/s  30m41s[K[?25h[?2026l[?2026h[?25l[A[1Gpulling manifest [K
pulling 2049f5674b1e:   1% ▕                  ▏ 122 MB/9.0 GB  4.8 MB/s  30m41s[K[?25h[?2026l[?2026h[?25l[A[1Gpulling manifest [K
pulling 2049f5674b1e:   1% ▕                  ▏ 122 MB/9.0 GB  4.8 MB/s  30m41s[K[?25h[?2026l[?2026h[?25l[A[1Gpulling manifest [K
pulling 2049f5674b1e:   1% ▕                  ▏ 123 MB/9.0 GB  4.8 MB/s  30m41s[K[?25h[?2026l[?2026h[?25l[A[1Gpulling manifest [K
pulling 2049f5674b1e:   1% ▕                  ▏ 123 MB/9.0 GB  4.8 MB/s  30m40s[K[?25h[?2026l[?2026h[?25l[A[1Gpulling manifest [K
pulling 2049f5674b1e:   1% ▕                  ▏ 124 MB/9.0 GB  4.8 MB/s  30m31s[K[?25h[?2026l[?2026h[?25l[A[1Gpulling manifest [K
pulling 2049f5674b1e:   1% ▕                  ▏ 124 MB/9.0 GB  4.8 MB/s  30m30s[K[?25h[?2026l[?2026h[?25l[A[1Gpulling manifest [K
pulling 2049f5674b1e:   1% ▕                  ▏ 125 MB/9.0 GB  4.8 MB/s  30m30s[K[?25h[?2026l[?2026h[?25l[A[1Gpulling manifest [K
pulling 2049f5674b1e:   1% ▕                  ▏ 125 MB/9.0 GB  4.8 MB/s  30m30s[K[?25h[?2026l[?2026h[?25l[A[1Gpulling manifest [K
pulling 2049f5674b1e:   1% ▕                  ▏ 125 MB/9.0 GB  4.8 MB/s  30m30s[K[?25h[?2026l[?2026h[?25l[A[1Gpulling manifest [K
pulling 2049f5674b1e:   1% ▕                  ▏ 126 MB/9.0 GB  4.8 MB/s  30m30s[K[?25h[?2026l[?2026h[?25l[A[1Gpulling manifest [K
pulling 2049f5674b1e:   1% ▕                  ▏ 127 MB/9.0 GB  4.8 MB/s  30m30s[K[?25h[?2026l[?2026h[?25l[A[1Gpulling manifest [K
pulling 2049f5674b1e:   1% ▕                  ▏ 127 MB/9.0 GB  4.8 MB/s  30m30s[K[?25h[?2026l[?2026h[?25l[A[1Gpulling manifest [K
pulling 2049f5674b1e:   1% ▕                  ▏ 128 MB/9.0 GB  4.8 MB/s  30m30s[K[?25h[?2026l[?2026h[?25l[A[1Gpulling manifest [K
pulling 2049f5674b1e:   1% ▕                  ▏ 128 MB/9.0 GB  4.8 MB/s  30m30s[K[?25h[?2026l[?2026h[?25l[A[1Gpulling manifest [K
pulling 2049f5674b1e:   1% ▕                  ▏ 128 MB/9.0 GB  4.8 MB/s  30m30s[K[?25h[?2026l[?2026h[?25l[A[1Gpulling manifest [K
pulling 2049f5674b1e:   1% ▕                  ▏ 129 MB/9.0 GB  4.8 MB/s  30m26s[K[?25h[?2026l[?2026h[?25l[A[1Gpulling manifest [K
pulling 2049f5674b1e:   1% ▕                  ▏ 129 MB/9.0 GB  4.8 MB/s  30m26s[K[?25h[?2026l[?2026h[?25l[A[1Gpulling manifest [K
pulling 2049f5674b1e:   1% ▕                  ▏ 130 MB/9.0 GB  4.8 MB/s  30m26s[K[?25h[?2026l[?2026h[?25l[A[1Gpulling manifest [K
pulling 2049f5674b1e:   1% ▕                  ▏ 130 MB/9.0 GB  4.8 MB/s  30m26s[K[?25h[?2026l[?2026h[?25l[A[1Gpulling manifest [K
pulling 2049f5674b1e:   1% ▕                  ▏ 131 MB/9.0 GB  4.8 MB/s  30m26s[K[?25h[?2026l[?2026h[?25l[A[1Gpulling manifest [K
pulling 2049f5674b1e:   1% ▕                  ▏ 131 MB/9.0 GB  4.8 MB/s  30m26s[K[?25h[?2026l[?2026h[?25l[A[1Gpulling manifest [K
pulling 2049f5674b1e:   1% ▕                  ▏ 132 MB/9.0 GB  4.8 MB/s  30m26s[K[?25h[?2026l[?2026h[?25l[A[1Gpulling manifest [K
pulling 2049f5674b1e:   1% ▕                  ▏ 132 MB/9.0 GB  4.8 MB/s  30m25s[K[?25h[?2026l[?2026h[?25l[A[1Gpulling manifest [K
pulling 2049f5674b1e:   1% ▕                  ▏ 133 MB/9.0 GB  4.8 MB/s  30m25s[K[?25h[?2026l[?2026h[?25l[A[1Gpulling manifest [K
pulling 2049f5674b1e:   1% ▕                  ▏ 133 MB/9.0 GB  4.8 MB/s  30m25s[K[?25h[?2026l[?2026h[?25l[A[1Gpulling manifest [K
pulling 2049f5674b1e:   1% ▕                  ▏ 134 MB/9.0 GB  4.8 MB/s  30m28s[K[?25h[?2026l[?2026h[?25l[A[1Gpulling manifest [K
pulling 2049f5674b1e:   1% ▕                  ▏ 134 MB/9.0 GB  4.8 MB/s  30m28s[K[?25h[?2026l[?2026h[?25l[A[1Gpulling manifest [K
pulling 2049f5674b1e:   2% ▕                  ▏ 135 MB/9.0 GB  4.8 MB/s  30m28s[K[?25h[?2026l[?2026h[?25l[A[1Gpulling manifest [K
pulling 2049f5674b1e:   2% ▕                  ▏ 135 MB/9.0 GB  4.8 MB/s  30m27s[K[?25h[?2026l[?2026h[?25l[A[1Gpulling manifest [K
pulling 2049f5674b1e:   2% ▕                  ▏ 135 MB/9.0 GB  4.8 MB/s  30m27s[K[?25h[?2026l[?2026h[?25l[A[1Gpulling manifest [K
pulling 2049f5674b1e:   2% ▕                  ▏ 136 MB/9.0 GB  4.8 MB/s  30m27s[K[?25h[?2026l[?2026h[?25l[A[1Gpulling manifest [K
pulling 2049f5674b1e:   2% ▕                  ▏ 137 MB/9.0 GB  4.8 MB/s  30m27s[K[?25h[?2026l[?2026h[?25l[A[1Gpulling manifest [K
pulling 2049f5674b1e:   2% ▕                  ▏ 137 MB/9.0 GB  4.8 MB/s  30m27s[K[?25h[?2026l[?2026h[?25l[A[1Gpulling manifest [K
pulling 2049f5674b1e:   2% ▕                  ▏ 137 MB/9.0 GB  4.8 MB/s  30m27s[K[?25h[?2026l[?2026h[?25l[A[1Gpulling manifest [K
pulling 2049f5674b1e:   2% ▕                  ▏ 138 MB/9.0 GB  4.8 MB/s  30m27s[K[?25h[?2026l[?2026h[?25l[A[1Gpulling manifest [K
pulling 2049f5674b1e:   2% ▕                  ▏ 138 MB/9.0 GB  4.8 MB/s  30m24s[K[?25h[?2026l[?2026h[?25l[A[1Gpulling manifest [K
pulling 2049f5674b1e:   2% ▕                  ▏ 139 MB/9.0 GB  4.8 MB/s  30m24s[K[?25h[?2026l[?2026h[?25l[A[1Gpulling manifest [K
pulling 2049f5674b1e:   2% ▕                  ▏ 139 MB/9.0 GB  4.8 MB/s  30m24s[K[?25h[?2026l[?2026h[?25l[A[1Gpulling manifest [K
pulling 2049f5674b1e:   2% ▕                  ▏ 140 MB/9.0 GB  4.8 MB/s  30m24s[K[?25h[?2026l[?2026h[?25l[A[1Gpulling manifest [K
pulling 2049f5674b1e:   2% ▕                  ▏ 140 MB/9.0 GB  4.8 MB/s  30m24s[K[?25h[?2026l[?2026h[?25l[A[1Gpulling manifest [K
pulling 2049f5674b1e:   2% ▕                  ▏ 141 MB/9.0 GB  4.8 MB/s  30m24s[K[?25h[?2026l[?2026h[?25l[A[1Gpulling manifest [K
pulling 2049f5674b1e:   2% ▕                  ▏ 141 MB/9.0 GB  4.8 MB/s  30m24s[K[?25h[?2026l[?2026h[?25l[A[1Gpulling manifest [K
pulling 2049f5674b1e:   2% ▕                  ▏ 142 MB/9.0 GB  4.8 MB/s  30m24s[K[?25h[?2026l[?2026h[?25l[A[1Gpulling manifest [K
pulling 2049f5674b1e:   2% ▕                  ▏ 142 MB/9.0 GB  4.8 MB/s  30m24s[K[?25h[?2026l[?2026h[?25l[A[1Gpulling manifest [K
pulling 2049f5674b1e:   2% ▕                  ▏ 143 MB/9.0 GB  4.8 MB/s  30m24s[K[?25h[?2026l[?2026h[?25l[A[1Gpulling manifest [K
pulling 2049f5674b1e:   2% ▕                  ▏ 143 MB/9.0 GB  4.8 MB/s  30m24s[K[?25h[?2026l[?2026h[?25l[A[1Gpulling manifest [K
pulling 2049f5674b1e:   2% ▕                  ▏ 144 MB/9.0 GB  4.8 MB/s  30m24s[K[?25h[?2026l[?2026h[?25l[A[1Gpulling manifest [K
pulling 2049f5674b1e:   2% ▕                  ▏ 144 MB/9.0 GB  4.8 MB/s  30m24s[K[?25h[?2026l[?2026h[?25l[A[1Gpulling manifest [K
pulling 2049f5674b1e:   2% ▕                  ▏ 145 MB/9.0 GB  4.8 MB/s  30m23s[K[?25h[?2026l[?2026h[?25l[A[1Gpulling manifest [K
pulling 2049f5674b1e:   2% ▕                  ▏ 145 MB/9.0 GB  4.8 MB/s  30m23s[K[?25h[?2026l[?2026h[?25l[A[1Gpulling manifest [K
pulling 2049f5674b1e:   2% ▕                  ▏ 145 MB/9.0 GB  4.8 MB/s  30m23s[K[?25h[?2026l[?2026h[?25l[A[1Gpulling manifest [K
pulling 2049f5674b1e:   2% ▕                  ▏ 146 MB/9.0 GB  4.8 MB/s  30m23s[K[?25h[?2026l[?2026h[?25l[A[1Gpulling manifest [K
pulling 2049f5674b1e:   2% ▕                  ▏ 147 MB/9.0 GB  4.8 MB/s  30m23s[K[?25h[?2026l[?2026h[?25l[A[1Gpulling manifest [K
pulling 2049f5674b1e:   2% ▕                  ▏ 147 MB/9.0 GB  4.8 MB/s  30m23s[K[?25h[?2026l[?2026h[?25l[A[1Gpulling manifest [K
pulling 2049f5674b1e:   2% ▕                  ▏ 147 MB/9.0 GB  4.8 MB/s  30m23s[K[?25h[?2026l[?2026h[?25l[A[1Gpulling manifest [K
pulling 2049f5674b1e:   2% ▕                  ▏ 148 MB/9.0 GB  4.9 MB/s  30m16s[K[?25h[?2026l[?2026h[?25l[A[1Gpulling manifest [K
pulling 2049f5674b1e:   2% ▕                  ▏ 148 MB/9.0 GB  4.9 MB/s  30m16s[K[?25h[?2026l[?2026h[?25l[A[1Gpulling manifest [K
pulling 2049f5674b1e:   2% ▕                  ▏ 149 MB/9.0 GB  4.9 MB/s  30m16s[K[?25h[?2026l[?2026h[?25l[A[1Gpulling manifest [K
pulling 2049f5674b1e:   2% ▕                  ▏ 149 MB/9.0 GB  4.9 MB/s  30m16s[K[?25h[?2026l[?2026h[?25l[A[1Gpulling manifest [K
pulling 2049f5674b1e:   2% ▕                  ▏ 150 MB/9.0 GB  4.9 MB/s  30m16s[K[?25h[?2026l[?2026h[?25l[A[1Gpulling manifest [K
pulling 2049f5674b1e:   2% ▕                  ▏ 150 MB/9.0 GB  4.9 MB/s  30m16s[K[?25h[?2026l[?2026h[?25l[A[1Gpulling manifest [K
pulling 2049f5674b1e:   2% ▕                  ▏ 151 MB/9.0 GB  4.9 MB/s  30m16s[K[?25h[?2026l[?2026h[?25l[A[1Gpulling manifest [K
pulling 2049f5674b1e:   2% ▕                  ▏ 151 MB/9.0 GB  4.9 MB/s  30m16s[K[?25h[?2026l[?2026h[?25l[A[1Gpulling manifest [K
pulling 2049f5674b1e:   2% ▕                  ▏ 152 MB/9.0 GB  4.9 MB/s  30m16s[K[?25h[?2026l[?2026h[?25l[A[1Gpulling manifest [K
pulling 2049f5674b1e:   2% ▕                  ▏ 152 MB/9.0 GB  4.9 MB/s  30m15s[K[?25h[?2026l[?2026h[?25l[A[1Gpulling manifest [K
pulling 2049f5674b1e:   2% ▕                  ▏ 153 MB/9.0 GB  4.9 MB/s  30m15s[K[?25h[?2026l[?2026h[?25l[A[1Gpulling manifest [K
pulling 2049f5674b1e:   2% ▕                  ▏ 153 MB/9.0 GB  4.9 MB/s   30m4s[K[?25h[?2026l[?2026h[?25l[A[1Gpulling manifest [K
pulling 2049f5674b1e:   2% ▕                  ▏ 154 MB/9.0 GB  4.9 MB/s   30m4s[K[?25h[?2026l[?2026h[?25l[A[1Gpulling manifest [K
pulling 2049f5674b1e:   2% ▕                  ▏ 154 MB/9.0 GB  4.9 MB/s   30m4s[K[?25h[?2026l[?2026h[?25l[A[1Gpulling manifest [K
pulling 2049f5674b1e:   2% ▕                  ▏ 155 MB/9.0 GB  4.9 MB/s   30m4s[K[?25h[?2026l[?2026h[?25l[A[1Gpulling manifest [K
pulling 2049f5674b1e:   2% ▕                  ▏ 155 MB/9.0 GB  4.9 MB/s   30m4s[K[?25h[?2026l[?2026h[?25l[A[1Gpulling manifest [K
pulling 2049f5674b1e:   2% ▕                  ▏ 156 MB/9.0 GB  4.9 MB/s   30m4s[K[?25h[?2026l[?2026h[?25l[A[1Gpulling manifest [K
pulling 2049f5674b1e:   2% ▕                  ▏ 156 MB/9.0 GB  4.9 MB/s   30m4s[K[?25h[?2026l[?2026h[?25l[A[1Gpulling manifest [K
pulling 2049f5674b1e:   2% ▕                  ▏ 157 MB/9.0 GB  4.9 MB/s   30m4s[K[?25h[?2026l[?2026h[?25l[A[1Gpulling manifest [K
pulling 2049f5674b1e:   2% ▕                  ▏ 157 MB/9.0 GB  4.9 MB/s   30m3s[K[?25h[?2026l[?2026h[?25l[A[1Gpulling manifest [K
pulling 2049f5674b1e:   2% ▕                  ▏ 158 MB/9.0 GB  4.9 MB/s   30m3s[K[?25h[?2026l[?2026h[?25l[A[1Gpulling manifest [K
pulling 2049f5674b1e:   2% ▕                  ▏ 158 MB/9.0 GB  4.9 MB/s  29m58s[K[?25h[?2026l[?2026h[?25l[A[1Gpulling manifest [K
pulling 2049f5674b1e:   2% ▕                  ▏ 158 MB/9.0 GB  4.9 MB/s  29m58s[K[?25h[?2026l[?2026h[?25l[A[1Gpulling manifest [K
pulling 2049f5674b1e:   2% ▕                  ▏ 159 MB/9.0 GB  4.9 MB/s  29m58s[K[?25h[?2026l[?2026h[?25l[A[1Gpulling manifest [K
pulling 2049f5674b1e:   2% ▕                  ▏ 160 MB/9.0 GB  4.9 MB/s  29m58s[K[?25h[?2026l[?2026h[?25l[A[1Gpulling manifest [K
pulling 2049f5674b1e:   2% ▕                  ▏ 160 MB/9.0 GB  4.9 MB/s  29m58s[K[?25h[?2026l[?2026h[?25l[A[1Gpulling manifest [K
pulling 2049f5674b1e:   2% ▕                  ▏ 161 MB/9.0 GB  4.9 MB/s  29m58s[K[?25h[?2026l[?2026h[?25l[A[1Gpulling manifest [K
pulling 2049f5674b1e:   2% ▕                  ▏ 161 MB/9.0 GB  4.9 MB/s  29m57s[K[?25h[?2026l[?2026h[?25l[A[1Gpulling manifest [K
pulling 2049f5674b1e:   2% ▕                  ▏ 161 MB/9.0 GB  4.9 MB/s  29m57s[K[?25h[?2026l[?2026h[?25l[A[1Gpulling manifest [K
pulling 2049f5674b1e:   2% ▕                  ▏ 162 MB/9.0 GB  4.9 MB/s  29m57s[K[?25h[?2026l[?2026h[?25l[A[1Gpulling manifest [K
pulling 2049f5674b1e:   2% ▕                  ▏ 163 MB/9.0 GB  4.9 MB/s  29m57s[K[?25h[?2026l[?2026h[?25l[A[1Gpulling manifest [K
pulling 2049f5674b1e:   2% ▕                  ▏ 163 MB/9.0 GB  4.9 MB/s  29m55s[K[?25h[?2026l[?2026h[?25l[A[1Gpulling manifest [K
pulling 2049f5674b1e:   2% ▕                  ▏ 164 MB/9.0 GB  4.9 MB/s  29m55s[K[?25h[?2026l[?2026h[?25l[A[1Gpulling manifest [K
pulling 2049f5674b1e:   2% ▕                  ▏ 164 MB/9.0 GB  4.9 MB/s  29m55s[K[?25h[?2026l[?2026h[?25l[A[1Gpulling manifest [K
pulling 2049f5674b1e:   2% ▕                  ▏ 164 MB/9.0 GB  4.9 MB/s  29m55s[K[?25h[?2026l[?2026h[?25l[A[1Gpulling manifest [K
pulling 2049f5674b1e:   2% ▕                  ▏ 165 MB/9.0 GB  4.9 MB/s  29m54s[K[?25h[?2026l[?2026h[?25l[A[1Gpulling manifest [K
pulling 2049f5674b1e:   2% ▕                  ▏ 166 MB/9.0 GB  4.9 MB/s  29m54s[K[?25h[?2026l[?2026h[?25l[A[1Gpulling manifest [K
pulling 2049f5674b1e:   2% ▕                  ▏ 166 MB/9.0 GB  4.9 MB/s  29m54s[K[?25h[?2026l[?2026h[?25l[A[1Gpulling manifest [K
pulling 2049f5674b1e:   2% ▕                  ▏ 167 MB/9.0 GB  4.9 MB/s  29m54s[K[?25h[?2026l[?2026h[?25l[A[1Gpulling manifest [K
pulling 2049f5674b1e:   2% ▕                  ▏ 167 MB/9.0 GB  4.9 MB/s  29m54s[K[?25h[?2026l[?2026h[?25l[A[1Gpulling manifest [K
pulling 2049f5674b1e:   2% ▕                  ▏ 167 MB/9.0 GB  4.9 MB/s  29m54s[K[?25h[?2026l[?2026h[?25l[A[1Gpulling manifest [K
pulling 2049f5674b1e:   2% ▕                  ▏ 168 MB/9.0 GB  4.9 MB/s  29m53s[K[?25h[?2026l[?2026h[?25l[A[1Gpulling manifest [K
pulling 2049f5674b1e:   2% ▕                  ▏ 169 MB/9.0 GB  4.9 MB/s  29m53s[K[?25h[?2026l[?2026h[?25l[A[1Gpulling manifest [K
pulling 2049f5674b1e:   2% ▕                  ▏ 169 MB/9.0 GB  4.9 MB/s  29m53s[K[?25h[?2026l[?2026h[?25l[A[1Gpulling manifest [K
pulling 2049f5674b1e:   2% ▕                  ▏ 169 MB/9.0 GB  4.9 MB/s  29m53s[K[?25h[?2026l[?2026h[?25l[A[1Gpulling manifest [K
pulling 2049f5674b1e:   2% ▕                  ▏ 170 MB/9.0 GB  4.9 MB/s  29m53s[K[?25h[?2026l[?2026h[?25l[A[1Gpulling manifest [K
pulling 2049f5674b1e:   2% ▕                  ▏ 170 MB/9.0 GB  4.9 MB/s  29m53s[K[?25h[?2026l[?2026h[?25l[A[1Gpulling manifest [K
pulling 2049f5674b1e:   2% ▕                  ▏ 171 MB/9.0 GB  4.9 MB/s  29m53s[K[?25h[?2026l[?2026h[?25l[A[1Gpulling manifest [K
pulling 2049f5674b1e:   2% ▕                  ▏ 172 MB/9.0 GB  4.9 MB/s  29m52s[K[?25h[?2026l[?2026h[?25l[A[1Gpulling manifest [K
pulling 2049f5674b1e:   2% ▕                  ▏ 172 MB/9.0 GB  4.9 MB/s  29m52s[K[?25h[?2026l[?2026h[?25l[A[1Gpulling manifest [K
pulling 2049f5674b1e:   2% ▕                  ▏ 172 MB/9.0 GB  4.9 MB/s  29m52s[K[?25h[?2026l[?2026h[?25l[A[1Gpulling manifest [K
pulling 2049f5674b1e:   2% ▕                  ▏ 173 MB/9.0 GB  4.9 MB/s  29m43s[K[?25h[?2026l[?2026h[?25l[A[1Gpulling manifest [K
pulling 2049f5674b1e:   2% ▕                  ▏ 173 MB/9.0 GB  4.9 MB/s  29m43s[K[?25h[?2026l[?2026h[?25l[A[1Gpulling manifest [K
pulling 2049f5674b1e:   2% ▕                  ▏ 174 MB/9.0 GB  4.9 MB/s  29m43s[K[?25h[?2026l[?2026h[?25l[A[1Gpulling manifest [K
pulling 2049f5674b1e:   2% ▕                  ▏ 175 MB/9.0 GB  4.9 MB/s  29m42s[K[?25h[?2026l[?2026h[?25l[A[1Gpulling manifest [K
pulling 2049f5674b1e:   2% ▕                  ▏ 175 MB/9.0 GB  4.9 MB/s  29m42s[K[?25h[?2026l[?2026h[?25l[A[1Gpulling manifest [K
pulling 2049f5674b1e:   2% ▕                  ▏ 175 MB/9.0 GB  4.9 MB/s  29m42s[K[?25h[?2026l[?2026h[?25l[A[1Gpulling manifest [K
pulling 2049f5674b1e:   2% ▕                  ▏ 176 MB/9.0 GB  4.9 MB/s  29m42s[K[?25h[?2026l[?2026h[?25l[A[1Gpulling manifest [K
pulling 2049f5674b1e:   2% ▕                  ▏ 176 MB/9.0 GB  4.9 MB/s  29m42s[K[?25h[?2026l[?2026h[?25l[A[1Gpulling manifest [K
pulling 2049f5674b1e:   2% ▕                  ▏ 177 MB/9.0 GB  4.9 MB/s  29m42s[K[?25h[?2026l[?2026h[?25l[A[1Gpulling manifest [K
pulling 2049f5674b1e:   2% ▕                  ▏ 177 MB/9.0 GB  4.9 MB/s  29m42s[K[?25h[?2026l[?2026h[?25l[A[1Gpulling manifest [K
pulling 2049f5674b1e:   2% ▕                  ▏ 178 MB/9.0 GB  4.9 MB/s  29m42s[K[?25h[?2026l[?2026h[?25l[A[1Gpulling manifest [K
pulling 2049f5674b1e:   2% ▕                  ▏ 178 MB/9.0 GB  5.0 MB/s  29m36s[K[?25h[?2026l[?2026h[?25l[A[1Gpulling manifest [K
pulling 2049f5674b1e:   2% ▕                  ▏ 179 MB/9.0 GB  5.0 MB/s  29m36s[K[?25h[?2026l[?2026h[?25l[A[1Gpulling manifest [K
pulling 2049f5674b1e:   2% ▕                  ▏ 179 MB/9.0 GB  5.0 MB/s  29m36s[K[?25h[?2026l[?2026h[?25l[A[1Gpulling manifest [K
pulling 2049f5674b1e:   2% ▕                  ▏ 180 MB/9.0 GB  5.0 MB/s  29m36s[K[?25h[?2026l[?2026h[?25l[A[1Gpulling manifest [K
pulling 2049f5674b1e:   2% ▕                  ▏ 180 MB/9.0 GB  5.0 MB/s  29m36s[K[?25h[?2026l[?2026h[?25l[A[1Gpulling manifest [K
pulling 2049f5674b1e:   2% ▕                  ▏ 181 MB/9.0 GB  5.0 MB/s  29m36s[K[?25h[?2026l[?2026h[?25l[A[1Gpulling manifest [K
pulling 2049f5674b1e:   2% ▕                  ▏ 181 MB/9.0 GB  5.0 MB/s  29m36s[K[?25h[?2026l[?2026h[?25l[A[1Gpulling manifest [K
pulling 2049f5674b1e:   2% ▕                  ▏ 182 MB/9.0 GB  5.0 MB/s  29m36s[K[?25h[?2026l[?2026h[?25l[A[1Gpulling manifest [K
pulling 2049f5674b1e:   2% ▕                  ▏ 182 MB/9.0 GB  5.0 MB/s  29m36s[K[?25h[?2026l[?2026h[?25l[A[1Gpulling manifest [K
pulling 2049f5674b1e:   2% ▕                  ▏ 183 MB/9.0 GB  5.0 MB/s  29m36s[K[?25h[?2026l[?2026h[?25l[A[1Gpulling manifest [K
pulling 2049f5674b1e:   2% ▕                  ▏ 183 MB/9.0 GB  5.0 MB/s  29m26s[K[?25h[?2026l[?2026h[?25l[A[1Gpulling manifest [K
pulling 2049f5674b1e:   2% ▕                  ▏ 184 MB/9.0 GB  5.0 MB/s  29m26s[K[?25h[?2026l[?2026h[?25l[A[1Gpulling manifest [K
pulling 2049f5674b1e:   2% ▕                  ▏ 184 MB/9.0 GB  5.0 MB/s  29m26s[K[?25h[?2026l[?2026h[?25l[A[1Gpulling manifest [K
pulling 2049f5674b1e:   2% ▕                  ▏ 185 MB/9.0 GB  5.0 MB/s  29m26s[K[?25h[?2026l[?2026h[?25l[A[1Gpulling manifest [K
pulling 2049f5674b1e:   2% ▕                  ▏ 185 MB/9.0 GB  5.0 MB/s  29m26s[K[?25h[?2026l[?2026h[?25l[A[1Gpulling manifest [K
pulling 2049f5674b1e:   2% ▕                  ▏ 186 MB/9.0 GB  5.0 MB/s  29m26s[K[?25h[?2026l[?2026h[?25l[A[1Gpulling manifest [K
pulling 2049f5674b1e:   2% ▕                  ▏ 186 MB/9.0 GB  5.0 MB/s  29m26s[K[?25h[?2026l[?2026h[?25l[A[1Gpulling manifest [K
pulling 2049f5674b1e:   2% ▕                  ▏ 187 MB/9.0 GB  5.0 MB/s  29m26s[K[?25h[?2026l[?2026h[?25l[A[1Gpulling manifest [K
pulling 2049f5674b1e:   2% ▕                  ▏ 187 MB/9.0 GB  5.0 MB/s  29m26s[K[?25h[?2026l[?2026h[?25l[A[1Gpulling manifest [K
pulling 2049f5674b1e:   2% ▕                  ▏ 188 MB/9.0 GB  5.0 MB/s  29m25s[K[?25h[?2026l[?2026h[?25l[A[1Gpulling manifest [K
pulling 2049f5674b1e:   2% ▕                  ▏ 188 MB/9.0 GB  5.0 MB/s  29m18s[K[?25h[?2026l[?2026h[?25l[A[1Gpulling manifest [K
pulling 2049f5674b1e:   2% ▕                  ▏ 189 MB/9.0 GB  5.0 MB/s  29m18s[K[?25h[?2026l[?2026h[?25l[A[1Gpulling manifest [K
pulling 2049f5674b1e:   2% ▕                  ▏ 189 MB/9.0 GB  5.0 MB/s  29m18s[K[?25h[?2026l[?2026h[?25l[A[1Gpulling manifest [K
pulling 2049f5674b1e:   2% ▕                  ▏ 190 MB/9.0 GB  5.0 MB/s  29m17s[K[?25h[?2026l[?2026h[?25l[A[1Gpulling manifest [K
pulling 2049f5674b1e:   2% ▕                  ▏ 190 MB/9.0 GB  5.0 MB/s  29m17s[K[?25h[?2026l[?2026h[?25l[A[1Gpulling manifest [K
pulling 2049f5674b1e:   2% ▕                  ▏ 191 MB/9.0 GB  5.0 MB/s  29m17s[K[?25h[?2026l[?2026h[?25l[A[1Gpulling manifest [K
pulling 2049f5674b1e:   2% ▕                  ▏ 191 MB/9.0 GB  5.0 MB/s  29m17s[K[?25h[?2026l[?2026h[?25l[A[1Gpulling manifest [K
pulling 2049f5674b1e:   2% ▕                  ▏ 192 MB/9.0 GB  5.0 MB/s  29m17s[K[?25h[?2026l[?2026h[?25l[A[1Gpulling manifest [K
pulling 2049f5674b1e:   2% ▕                  ▏ 192 MB/9.0 GB  5.0 MB/s  29m17s[K[?25h[?2026l[?2026h[?25l[A[1Gpulling manifest [K
pulling 2049f5674b1e:   2% ▕                  ▏ 193 MB/9.0 GB  5.0 MB/s  29m17s[K[?25h[?2026l[?2026h[?25l[A[1Gpulling manifest [K
pulling 2049f5674b1e:   2% ▕                  ▏ 193 MB/9.0 GB  5.0 MB/s  29m10s[K[?25h[?2026l[?2026h[?25l[A[1Gpulling manifest [K
pulling 2049f5674b1e:   2% ▕                  ▏ 194 MB/9.0 GB  5.0 MB/s  29m10s[K[?25h[?2026l[?2026h[?25l[A[1Gpulling manifest [K
pulling 2049f5674b1e:   2% ▕                  ▏ 194 MB/9.0 GB  5.0 MB/s  29m10s[K[?25h[?2026l[?2026h[?25l[A[1Gpulling manifest [K
pulling 2049f5674b1e:   2% ▕                  ▏ 195 MB/9.0 GB  5.0 MB/s  29m10s[K[?25h[?2026l[?2026h[?25l[A[1Gpulling manifest [K
pulling 2049f5674b1e:   2% ▕                  ▏ 195 MB/9.0 GB  5.0 MB/s  29m10s[K[?25h[?2026l[?2026h[?25l[A[1Gpulling manifest [K
pulling 2049f5674b1e:   2% ▕                  ▏ 196 MB/9.0 GB  5.0 MB/s  29m10s[K[?25h[?2026l[?2026h[?25l[A[1Gpulling manifest [K
pulling 2049f5674b1e:   2% ▕                  ▏ 196 MB/9.0 GB  5.0 MB/s  29m10s[K[?25h[?2026l[?2026h[?25l[A[1Gpulling manifest [K
pulling 2049f5674b1e:   2% ▕                  ▏ 197 MB/9.0 GB  5.0 MB/s   29m9s[K[?25h[?2026l[?2026h[?25l[A[1Gpulling manifest [K
pulling 2049f5674b1e:   2% ▕                  ▏ 197 MB/9.0 GB  5.0 MB/s   29m9s[K[?25h[?2026l[?2026h[?25l[A[1Gpulling manifest [K
pulling 2049f5674b1e:   2% ▕                  ▏ 198 MB/9.0 GB  5.0 MB/s   29m9s[K[?25h[?2026l[?2026h[?25l[A[1Gpulling manifest [K
pulling 2049f5674b1e:   2% ▕                  ▏ 198 MB/9.0 GB  5.0 MB/s   29m8s[K[?25h[?2026l[?2026h[?25l[A[1Gpulling manifest [K
pulling 2049f5674b1e:   2% ▕                  ▏ 199 MB/9.0 GB  5.0 MB/s   29m8s[K[?25h[?2026l[?2026h[?25l[A[1Gpulling manifest [K
pulling 2049f5674b1e:   2% ▕                  ▏ 199 MB/9.0 GB  5.0 MB/s   29m7s[K[?25h[?2026l[?2026h[?25l[A[1Gpulling manifest [K
pulling 2049f5674b1e:   2% ▕                  ▏ 200 MB/9.0 GB  5.0 MB/s   29m7s[K[?25h[?2026l[?2026h[?25l[A[1Gpulling manifest [K
pulling 2049f5674b1e:   2% ▕                  ▏ 200 MB/9.0 GB  5.0 MB/s   29m7s[K[?25h[?2026l[?2026h[?25l[A[1Gpulling manifest [K
pulling 2049f5674b1e:   2% ▕                  ▏ 201 MB/9.0 GB  5.0 MB/s   29m7s[K[?25h[?2026l[?2026h[?25l[A[1Gpulling manifest [K
pulling 2049f5674b1e:   2% ▕                  ▏ 201 MB/9.0 GB  5.0 MB/s   29m7s[K[?25h[?2026l[?2026h[?25l[A[1Gpulling manifest [K
pulling 2049f5674b1e:   2% ▕                  ▏ 202 MB/9.0 GB  5.0 MB/s   29m7s[K[?25h[?2026l[?2026h[?25l[A[1Gpulling manifest [K
pulling 2049f5674b1e:   2% ▕                  ▏ 202 MB/9.0 GB  5.0 MB/s   29m7s[K[?25h[?2026l[?2026h[?25l[A[1Gpulling manifest [K
pulling 2049f5674b1e:   2% ▕                  ▏ 203 MB/9.0 GB  5.0 MB/s   29m7s[K[?25h[?2026l[?2026h[?25l[A[1Gpulling manifest [K
pulling 2049f5674b1e:   2% ▕                  ▏ 203 MB/9.0 GB  5.0 MB/s   29m7s[K[?25h[?2026l[?2026h[?25l[A[1Gpulling manifest [K
pulling 2049f5674b1e:   2% ▕                  ▏ 204 MB/9.0 GB  5.0 MB/s   29m3s[K[?25h[?2026l[?2026h[?25l[A[1Gpulling manifest [K
pulling 2049f5674b1e:   2% ▕                  ▏ 204 MB/9.0 GB  5.0 MB/s   29m3s[K[?25h[?2026l[?2026h[?25l[A[1Gpulling manifest [K
pulling 2049f5674b1e:   2% ▕                  ▏ 204 MB/9.0 GB  5.0 MB/s   29m3s[K[?25h[?2026l[?2026h[?25l[A[1Gpulling manifest [K
pulling 2049f5674b1e:   2% ▕                  ▏ 205 MB/9.0 GB  5.0 MB/s   29m3s[K[?25h[?2026l[?2026h[?25l[A[1Gpulling manifest [K
pulling 2049f5674b1e:   2% ▕                  ▏ 206 MB/9.0 GB  5.0 MB/s   29m3s[K[?25h[?2026l[?2026h[?25l[A[1Gpulling manifest [K
pulling 2049f5674b1e:   2% ▕                  ▏ 206 MB/9.0 GB  5.0 MB/s   29m3s[K[?25h[?2026l[?2026h[?25l[A[1Gpulling manifest [K
pulling 2049f5674b1e:   2% ▕                  ▏ 207 MB/9.0 GB  5.0 MB/s   29m3s[K[?25h[?2026l[?2026h[?25l[A[1Gpulling manifest [K
pulling 2049f5674b1e:   2% ▕                  ▏ 207 MB/9.0 GB  5.0 MB/s   29m2s[K[?25h[?2026l[?2026h[?25l[A[1Gpulling manifest [K
pulling 2049f5674b1e:   2% ▕                  ▏ 207 MB/9.0 GB  5.0 MB/s   29m2s[K[?25h[?2026l[?2026h[?25l[A[1Gpulling manifest [K
pulling 2049f5674b1e:   2% ▕                  ▏ 208 MB/9.0 GB  5.0 MB/s   29m2s[K[?25h[?2026l[?2026h[?25l[A[1Gpulling manifest [K
pulling 2049f5674b1e:   2% ▕                  ▏ 209 MB/9.0 GB  5.0 MB/s   29m2s[K[?25h[?2026l[?2026h[?25l[A[1Gpulling manifest [K
pulling 2049f5674b1e:   2% ▕                  ▏ 209 MB/9.0 GB  5.0 MB/s   29m2s[K[?25h[?2026l[?2026h[?25l[A[1Gpulling manifest [K
pulling 2049f5674b1e:   2% ▕                  ▏ 209 MB/9.0 GB  5.0 MB/s   29m2s[K[?25h[?2026l[?2026h[?25l[A[1Gpulling manifest [K
pulling 2049f5674b1e:   2% ▕                  ▏ 210 MB/9.0 GB  5.0 MB/s   29m2s[K[?25h[?2026l[?2026h[?25l[A[1Gpulling manifest [K
pulling 2049f5674b1e:   2% ▕                  ▏ 210 MB/9.0 GB  5.0 MB/s   29m1s[K[?25h[?2026l[?2026h[?25l[A[1Gpulling manifest [K
pulling 2049f5674b1e:   2% ▕                  ▏ 211 MB/9.0 GB  5.0 MB/s   29m1s[K[?25h[?2026l[?2026h[?25l[A[1Gpulling manifest [K
pulling 2049f5674b1e:   2% ▕                  ▏ 212 MB/9.0 GB  5.0 MB/s   29m1s[K[?25h[?2026l[?2026h[?25l[A[1Gpulling manifest [K
pulling 2049f5674b1e:   2% ▕                  ▏ 212 MB/9.0 GB  5.0 MB/s   29m1s[K[?25h[?2026l[?2026h[?25l[A[1Gpulling manifest [K
pulling 2049f5674b1e:   2% ▕                  ▏ 212 MB/9.0 GB  5.0 MB/s   29m1s[K[?25h[?2026l[?2026h[?25l[A[1Gpulling manifest [K
pulling 2049f5674b1e:   2% ▕                  ▏ 213 MB/9.0 GB  5.0 MB/s   29m1s[K[?25h[?2026l[?2026h[?25l[A[1Gpulling manifest [K
pulling 2049f5674b1e:   2% ▕                  ▏ 213 MB/9.0 GB  5.0 MB/s  28m59s[K[?25h[?2026l[?2026h[?25l[A[1Gpulling manifest [K
pulling 2049f5674b1e:   2% ▕                  ▏ 214 MB/9.0 GB  5.0 MB/s  28m59s[K[?25h[?2026l[?2026h[?25l[A[1Gpulling manifest [K
pulling 2049f5674b1e:   2% ▕                  ▏ 215 MB/9.0 GB  5.0 MB/s  28m59s[K[?25h[?2026l[?2026h[?25l[A[1Gpulling manifest [K
pulling 2049f5674b1e:   2% ▕                  ▏ 215 MB/9.0 GB  5.0 MB/s  28m59s[K[?25h[?2026l[?2026h[?25l[A[1Gpulling manifest [K
pulling 2049f5674b1e:   2% ▕                  ▏ 215 MB/9.0 GB  5.0 MB/s  28m59s[K[?25h[?2026l[?2026h[?25l[A[1Gpulling manifest [K
pulling 2049f5674b1e:   2% ▕                  ▏ 216 MB/9.0 GB  5.0 MB/s  28m58s[K[?25h[?2026l[?2026h[?25l[A[1Gpulling manifest [K
pulling 2049f5674b1e:   2% ▕                  ▏ 216 MB/9.0 GB  5.0 MB/s  28m58s[K[?25h[?2026l[?2026h[?25l[A[1Gpulling manifest [K
pulling 2049f5674b1e:   2% ▕                  ▏ 217 MB/9.0 GB  5.0 MB/s  28m58s[K[?25h[?2026l[?2026h[?25l[A[1Gpulling manifest [K
pulling 2049f5674b1e:   2% ▕                  ▏ 218 MB/9.0 GB  5.0 MB/s  28m58s[K[?25h[?2026l[?2026h[?25l[A[1Gpulling manifest [K
pulling 2049f5674b1e:   2% ▕                  ▏ 218 MB/9.0 GB  5.0 MB/s  28m58s[K[?25h[?2026l[?2026h[?25l[A[1Gpulling manifest [K
pulling 2049f5674b1e:   2% ▕                  ▏ 218 MB/9.0 GB  5.0 MB/s   29m0s[K[?25h[?2026l[?2026h[?25l[A[1Gpulling manifest [K
pulling 2049f5674b1e:   2% ▕                  ▏ 219 MB/9.0 GB  5.0 MB/s  28m59s[K[?25h[?2026l[?2026h[?25l[A[1Gpulling manifest [K
pulling 2049f5674b1e:   2% ▕                  ▏ 219 MB/9.0 GB  5.0 MB/s  28m59s[K[?25h[?2026l[?2026h[?25l[A[1Gpulling manifest [K
pulling 2049f5674b1e:   2% ▕                  ▏ 220 MB/9.0 GB  5.0 MB/s  28m59s[K[?25h[?2026l[?2026h[?25l[A[1Gpulling manifest [K
pulling 2049f5674b1e:   2% ▕                  ▏ 220 MB/9.0 GB  5.0 MB/s  28m59s[K[?25h[?2026l[?2026h[?25l[A[1Gpulling manifest [K
pulling 2049f5674b1e:   2% ▕                  ▏ 221 MB/9.0 GB  5.0 MB/s  28m59s[K[?25h[?2026l[?2026h[?25l[A[1Gpulling manifest [K
pulling 2049f5674b1e:   2% ▕                  ▏ 221 MB/9.0 GB  5.0 MB/s  28m59s[K[?25h[?2026l[?2026h[?25l[A[1Gpulling manifest [K
pulling 2049f5674b1e:   2% ▕                  ▏ 222 MB/9.0 GB  5.0 MB/s  28m59s[K[?25h[?2026l[?2026h[?25l[A[1Gpulling manifest [K
pulling 2049f5674b1e:   2% ▕                  ▏ 222 MB/9.0 GB  5.0 MB/s  28m59s[K[?25h[?2026l[?2026h[?25l[A[1Gpulling manifest [K
pulling 2049f5674b1e:   2% ▕                  ▏ 223 MB/9.0 GB  5.0 MB/s  28m59s[K[?25h[?2026l[?2026h[?25l[A[1Gpulling manifest [K
pulling 2049f5674b1e:   2% ▕                  ▏ 223 MB/9.0 GB  5.0 MB/s  28m57s[K[?25h[?2026l[?2026h[?25l[A[1Gpulling manifest [K
pulling 2049f5674b1e:   2% ▕                  ▏ 224 MB/9.0 GB  5.0 MB/s  28m56s[K[?25h[?2026l[?2026h[?25l[A[1Gpulling manifest [K
pulling 2049f5674b1e:   3% ▕                  ▏ 224 MB/9.0 GB  5.0 MB/s  28m56s[K[?25h[?2026l[?2026h[?25l[A[1Gpulling manifest [K
pulling 2049f5674b1e:   3% ▕                  ▏ 225 MB/9.0 GB  5.0 MB/s  28m56s[K[?25h[?2026l[?2026h[?25l[A[1Gpulling manifest [K
pulling 2049f5674b1e:   3% ▕                  ▏ 225 MB/9.0 GB  5.0 MB/s  28m56s[K[?25h[?2026l[?2026h[?25l[A[1Gpulling manifest [K
pulling 2049f5674b1e:   3% ▕                  ▏ 226 MB/9.0 GB  5.0 MB/s  28m56s[K[?25h[?2026l[?2026h[?25l[A[1Gpulling manifest [K
pulling 2049f5674b1e:   3% ▕                  ▏ 226 MB/9.0 GB  5.0 MB/s  28m56s[K[?25h[?2026l[?2026h[?25l[A[1Gpulling manifest [K
pulling 2049f5674b1e:   3% ▕                  ▏ 227 MB/9.0 GB  5.0 MB/s  28m56s[K[?25h[?2026l[?2026h[?25l[A[1Gpulling manifest [K
pulling 2049f5674b1e:   3% ▕                  ▏ 227 MB/9.0 GB  5.0 MB/s  28m56s[K[?25h[?2026l[?2026h[?25l[A[1Gpulling manifest [K
pulling 2049f5674b1e:   3% ▕                  ▏ 228 MB/9.0 GB  5.0 MB/s  28m56s[K[?25h[?2026l[?2026h[?25l[A[1Gpulling manifest [K
pulling 2049f5674b1e:   3% ▕                  ▏ 228 MB/9.0 GB  5.0 MB/s  28m56s[K[?25h[?2026l[?2026h[?25l[A[1Gpulling manifest [K
pulling 2049f5674b1e:   3% ▕                  ▏ 229 MB/9.0 GB  5.0 MB/s   29m3s[K[?25h[?2026l[?2026h[?25l[A[1Gpulling manifest [K
pulling 2049f5674b1e:   3% ▕                  ▏ 229 MB/9.0 GB  5.0 MB/s   29m3s[K[?25h[?2026l[?2026h[?25l[A[1Gpulling manifest [K
pulling 2049f5674b1e:   3% ▕                  ▏ 230 MB/9.0 GB  5.0 MB/s   29m3s[K[?25h[?2026l[?2026h[?25l[A[1Gpulling manifest [K
pulling 2049f5674b1e:   3% ▕                  ▏ 230 MB/9.0 GB  5.0 MB/s   29m3s[K[?25h[?2026l[?2026h[?25l[A[1Gpulling manifest [K
pulling 2049f5674b1e:   3% ▕                  ▏ 231 MB/9.0 GB  5.0 MB/s   29m2s[K[?25h[?2026l[?2026h[?25l[A[1Gpulling manifest [K
pulling 2049f5674b1e:   3% ▕                  ▏ 231 MB/9.0 GB  5.0 MB/s   29m2s[K[?25h[?2026l[?2026h[?25l[A[1Gpulling manifest [K
pulling 2049f5674b1e:   3% ▕                  ▏ 231 MB/9.0 GB  5.0 MB/s   29m2s[K[?25h[?2026l[?2026h[?25l[A[1Gpulling manifest [K
pulling 2049f5674b1e:   3% ▕                  ▏ 232 MB/9.0 GB  5.0 MB/s   29m2s[K[?25h[?2026l[?2026h[?25l[A[1Gpulling manifest [K
pulling 2049f5674b1e:   3% ▕                  ▏ 232 MB/9.0 GB  5.0 MB/s   29m2s[K[?25h[?2026l[?2026h[?25l[A[1Gpulling manifest [K
pulling 2049f5674b1e:   3% ▕                  ▏ 232 MB/9.0 GB  5.0 MB/s   29m2s[K[?25h[?2026l[?2026h[?25l[A[1Gpulling manifest [K
pulling 2049f5674b1e:   3% ▕                  ▏ 233 MB/9.0 GB  4.9 MB/s  29m39s[K[?25h[?2026l[?2026h[?25l[A[1Gpulling manifest [K
pulling 2049f5674b1e:   3% ▕                  ▏ 233 MB/9.0 GB  4.9 MB/s  29m39s[K[?25h[?2026l[?2026h[?25l[A[1Gpulling manifest [K
pulling 2049f5674b1e:   3% ▕                  ▏ 234 MB/9.0 GB  4.9 MB/s  29m38s[K[?25h[?2026l[?2026h[?25l[A[1Gpulling manifest [K
pulling 2049f5674b1e:   3% ▕                  ▏ 234 MB/9.0 GB  4.9 MB/s  29m38s[K[?25h[?2026l[?2026h[?25l[A[1Gpulling manifest [K
pulling 2049f5674b1e:   3% ▕                  ▏ 234 MB/9.0 GB  4.9 MB/s  29m38s[K[?25h[?2026l[?2026h[?25l[A[1Gpulling manifest [K
pulling 2049f5674b1e:   3% ▕                  ▏ 235 MB/9.0 GB  4.9 MB/s  29m38s[K[?25h[?2026l[?2026h[?25l[A[1Gpulling manifest [K
pulling 2049f5674b1e:   3% ▕                  ▏ 235 MB/9.0 GB  4.9 MB/s  29m38s[K[?25h[?2026l[?2026h[?25l[A[1Gpulling manifest [K
pulling 2049f5674b1e:   3% ▕                  ▏ 236 MB/9.0 GB  4.9 MB/s  29m38s[K[?25h[?2026l[?2026h[?25l[A[1Gpulling manifest [K
pulling 2049f5674b1e:   3% ▕                  ▏ 236 MB/9.0 GB  4.9 MB/s  29m38s[K[?25h[?2026l[?2026h[?25l[A[1Gpulling manifest [K
pulling 2049f5674b1e:   3% ▕                  ▏ 237 MB/9.0 GB  4.9 MB/s  29m38s[K[?25h[?2026l[?2026h[?25l[A[1Gpulling manifest [K
pulling 2049f5674b1e:   3% ▕                  ▏ 237 MB/9.0 GB  4.9 MB/s  29m52s[K[?25h[?2026l[?2026h[?25l[A[1Gpulling manifest [K
pulling 2049f5674b1e:   3% ▕                  ▏ 238 MB/9.0 GB  4.9 MB/s  29m52s[K[?25h[?2026l[?2026h[?25l[A[1Gpulling manifest [K
pulling 2049f5674b1e:   3% ▕                  ▏ 238 MB/9.0 GB  4.9 MB/s  29m52s[K[?25h[?2026l[?2026h[?25l[A[1Gpulling manifest [K
pulling 2049f5674b1e:   3% ▕                  ▏ 238 MB/9.0 GB  4.9 MB/s  29m52s[K[?25h[?2026l[?2026h[?25l[A[1Gpulling manifest [K
pulling 2049f5674b1e:   3% ▕                  ▏ 239 MB/9.0 GB  4.9 MB/s  29m52s[K[?25h[?2026l[?2026h[?25l[A[1Gpulling manifest [K
pulling 2049f5674b1e:   3% ▕                  ▏ 240 MB/9.0 GB  4.9 MB/s  29m52s[K[?25h[?2026l[?2026h[?25l[A[1Gpulling manifest [K
pulling 2049f5674b1e:   3% ▕                  ▏ 240 MB/9.0 GB  4.9 MB/s  29m52s[K[?25h[?2026l[?2026h[?25l[A[1Gpulling manifest [K
pulling 2049f5674b1e:   3% ▕                  ▏ 240 MB/9.0 GB  4.9 MB/s  29m52s[K[?25h[?2026l[?2026h[?25l[A[1Gpulling manifest [K
pulling 2049f5674b1e:   3% ▕                  ▏ 241 MB/9.0 GB  4.9 MB/s  29m51s[K[?25h[?2026l[?2026h[?25l[A[1Gpulling manifest [K
pulling 2049f5674b1e:   3% ▕                  ▏ 241 MB/9.0 GB  4.9 MB/s  29m51s[K[?25h[?2026l[?2026h[?25l[A[1Gpulling manifest [K
pulling 2049f5674b1e:   3% ▕                  ▏ 242 MB/9.0 GB  4.8 MB/s  30m10s[K[?25h[?2026l[?2026h[?25l[A[1Gpulling manifest [K
pulling 2049f5674b1e:   3% ▕                  ▏ 242 MB/9.0 GB  4.8 MB/s  30m10s[K[?25h[?2026l[?2026h[?25l[A[1Gpulling manifest [K
pulling 2049f5674b1e:   3% ▕                  ▏ 243 MB/9.0 GB  4.8 MB/s  30m10s[K[?25h[?2026l[?2026h[?25l[A[1Gpulling manifest [K
pulling 2049f5674b1e:   3% ▕                  ▏ 243 MB/9.0 GB  4.8 MB/s  30m10s[K[?25h[?2026l[?2026h[?25l[A[1Gpulling manifest [K
pulling 2049f5674b1e:   3% ▕                  ▏ 244 MB/9.0 GB  4.8 MB/s  30m10s[K[?25h[?2026l[?2026h[?25l[A[1Gpulling manifest [K
pulling 2049f5674b1e:   3% ▕                  ▏ 244 MB/9.0 GB  4.8 MB/s  30m10s[K[?25h[?2026l[?2026h[?25l[A[1Gpulling manifest [K
pulling 2049f5674b1e:   3% ▕                  ▏ 245 MB/9.0 GB  4.8 MB/s  30m10s[K[?25h[?2026l[?2026h[?25l[A[1Gpulling manifest [K
pulling 2049f5674b1e:   3% ▕                  ▏ 245 MB/9.0 GB  4.8 MB/s  30m10s[K[?25h[?2026l[?2026h[?25l[A[1Gpulling manifest [K
pulling 2049f5674b1e:   3% ▕                  ▏ 245 MB/9.0 GB  4.8 MB/s  30m10s[K[?25h[?2026l[?2026h[?25l[A[1Gpulling manifest [K
pulling 2049f5674b1e:   3% ▕                  ▏ 246 MB/9.0 GB  4.8 MB/s  30m10s[K[?25h[?2026l[?2026h[?25l[A[1Gpulling manifest [K
pulling 2049f5674b1e:   3% ▕                  ▏ 246 MB/9.0 GB  4.8 MB/s  30m25s[K[?25h[?2026l[?2026h[?25l[A[1Gpulling manifest [K
pulling 2049f5674b1e:   3% ▕                  ▏ 247 MB/9.0 GB  4.8 MB/s  30m25s[K[?25h[?2026l[?2026h[?25l[A[1Gpulling manifest [K
pulling 2049f5674b1e:   3% ▕                  ▏ 247 MB/9.0 GB  4.8 MB/s  30m25s[K[?25h[?2026l[?2026h[?25l[A[1Gpulling manifest [K
pulling 2049f5674b1e:   3% ▕                  ▏ 248 MB/9.0 GB  4.8 MB/s  30m25s[K[?25h[?2026l[?2026h[?25l[A[1Gpulling manifest [K
pulling 2049f5674b1e:   3% ▕                  ▏ 248 MB/9.0 GB  4.8 MB/s  30m25s[K[?25h[?2026l[?2026h[?25l[A[1Gpulling manifest [K
pulling 2049f5674b1e:   3% ▕                  ▏ 249 MB/9.0 GB  4.8 MB/s  30m25s[K[?25h[?2026l[?2026h[?25l[A[1Gpulling manifest [K
pulling 2049f5674b1e:   3% ▕                  ▏ 249 MB/9.0 GB  4.8 MB/s  30m25s[K[?25h[?2026l[?2026h[?25l[A[1Gpulling manifest [K
pulling 2049f5674b1e:   3% ▕                  ▏ 250 MB/9.0 GB  4.8 MB/s  30m25s[K[?25h[?2026l[?2026h[?25l[A[1Gpulling manifest [K
pulling 2049f5674b1e:   3% ▕                  ▏ 250 MB/9.0 GB  4.8 MB/s  30m24s[K[?25h[?2026l[?2026h[?25l[A[1Gpulling manifest [K
pulling 2049f5674b1e:   3% ▕                  ▏ 251 MB/9.0 GB  4.8 MB/s  30m24s[K[?25h[?2026l[?2026h[?25l[A[1Gpulling manifest [K
pulling 2049f5674b1e:   3% ▕                  ▏ 251 MB/9.0 GB  4.8 MB/s  30m24s[K[?25h[?2026l[?2026h[?25l[A[1Gpulling manifest [K
pulling 2049f5674b1e:   3% ▕                  ▏ 252 MB/9.0 GB  4.8 MB/s  30m31s[K[?25h[?2026l[?2026h[?25l[A[1Gpulling manifest [K
pulling 2049f5674b1e:   3% ▕                  ▏ 252 MB/9.0 GB  4.8 MB/s  30m31s[K[?25h[?2026l[?2026h[?25l[A[1Gpulling manifest [K
pulling 2049f5674b1e:   3% ▕                  ▏ 252 MB/9.0 GB  4.8 MB/s  30m31s[K[?25h[?2026l[?2026h[?25l[A[1Gpulling manifest [K
pulling 2049f5674b1e:   3% ▕                  ▏ 253 MB/9.0 GB  4.8 MB/s  30m31s[K[?25h[?2026l[?2026h[?25l[A[1Gpulling manifest [K
pulling 2049f5674b1e:   3% ▕                  ▏ 254 MB/9.0 GB  4.8 MB/s  30m31s[K[?25h[?2026l[?2026h[?25l[A[1Gpulling manifest [K
pulling 2049f5674b1e:   3% ▕                  ▏ 254 MB/9.0 GB  4.8 MB/s  30m31s[K[?25h[?2026l[?2026h[?25l[A[1Gpulling manifest [K
pulling 2049f5674b1e:   3% ▕                  ▏ 254 MB/9.0 GB  4.8 MB/s  30m31s[K[?25h[?2026l[?2026h[?25l[A[1Gpulling manifest [K
pulling 2049f5674b1e:   3% ▕                  ▏ 255 MB/9.0 GB  4.8 MB/s  30m31s[K[?25h[?2026l[?2026h[?25l[A[1Gpulling manifest [K
pulling 2049f5674b1e:   3% ▕                  ▏ 255 MB/9.0 GB  4.8 MB/s  30m31s[K[?25h[?2026l[?2026h[?25l[A[1Gpulling manifest [K
pulling 2049f5674b1e:   3% ▕                  ▏ 256 MB/9.0 GB  4.8 MB/s  30m30s[K[?25h[?2026l[?2026h[?25l[A[1Gpulling manifest [K
pulling 2049f5674b1e:   3% ▕                  ▏ 256 MB/9.0 GB  4.7 MB/s  30m42s[K[?25h[?2026l[?2026h[?25l[A[1Gpulling manifest [K
pulling 2049f5674b1e:   3% ▕                  ▏ 257 MB/9.0 GB  4.7 MB/s  30m42s[K[?25h[?2026l[?2026h[?25l[A[1Gpulling manifest [K
pulling 2049f5674b1e:   3% ▕                  ▏ 257 MB/9.0 GB  4.7 MB/s  30m42s[K[?25h[?2026l[?2026h[?25l[A[1Gpulling manifest [K
pulling 2049f5674b1e:   3% ▕                  ▏ 258 MB/9.0 GB  4.7 MB/s  30m41s[K[?25h[?2026l[?2026h[?25l[A[1Gpulling manifest [K
pulling 2049f5674b1e:   3% ▕                  ▏ 258 MB/9.0 GB  4.7 MB/s  30m41s[K[?25h[?2026l[?2026h[?25l[A[1Gpulling manifest [K
pulling 2049f5674b1e:   3% ▕                  ▏ 259 MB/9.0 GB  4.7 MB/s  30m41s[K[?25h[?2026l[?2026h[?25l[A[1Gpulling manifest [K
pulling 2049f5674b1e:   3% ▕                  ▏ 259 MB/9.0 GB  4.7 MB/s  30m41s[K[?25h[?2026l[?2026h[?25l[A[1Gpulling manifest [K
pulling 2049f5674b1e:   3% ▕                  ▏ 259 MB/9.0 GB  4.7 MB/s  30m41s[K[?25h[?2026l[?2026h[?25l[A[1Gpulling manifest [K
pulling 2049f5674b1e:   3% ▕                  ▏ 260 MB/9.0 GB  4.7 MB/s  30m41s[K[?25h[?2026l[?2026h[?25l[A[1Gpulling manifest [K
pulling 2049f5674b1e:   3% ▕                  ▏ 261 MB/9.0 GB  4.7 MB/s  30m41s[K[?25h[?2026l[?2026h[?25l[A[1Gpulling manifest [K
pulling 2049f5674b1e:   3% ▕                  ▏ 261 MB/9.0 GB  4.7 MB/s  30m56s[K[?25h[?2026l[?2026h[?25l[A[1Gpulling manifest [K
pulling 2049f5674b1e:   3% ▕                  ▏ 261 MB/9.0 GB  4.7 MB/s  30m56s[K[?25h[?2026l[?2026h[?25l[A[1Gpulling manifest [K
pulling 2049f5674b1e:   3% ▕                  ▏ 262 MB/9.0 GB  4.7 MB/s  30m56s[K[?25h[?2026l[?2026h[?25l[A[1Gpulling manifest [K
pulling 2049f5674b1e:   3% ▕                  ▏ 262 MB/9.0 GB  4.7 MB/s  30m55s[K[?25h[?2026l[?2026h[?25l[A[1Gpulling manifest [K
pulling 2049f5674b1e:   3% ▕                  ▏ 263 MB/9.0 GB  4.7 MB/s  30m55s[K[?25h[?2026l[?2026h[?25l[A[1Gpulling manifest [K
pulling 2049f5674b1e:   3% ▕                  ▏ 263 MB/9.0 GB  4.7 MB/s  30m55s[K[?25h[?2026l[?2026h[?25l[A[1Gpulling manifest [K
pulling 2049f5674b1e:   3% ▕                  ▏ 263 MB/9.0 GB  4.7 MB/s  30m55s[K[?25h[?2026l[?2026h[?25l[A[1Gpulling manifest [K
pulling 2049f5674b1e:   3% ▕                  ▏ 264 MB/9.0 GB  4.7 MB/s  30m55s[K[?25h[?2026l[?2026h[?25l[A[1Gpulling manifest [K
pulling 2049f5674b1e:   3% ▕                  ▏ 265 MB/9.0 GB  4.7 MB/s  30m55s[K[?25h[?2026l[?2026h[?25l[A[1Gpulling manifest [K
pulling 2049f5674b1e:   3% ▕                  ▏ 265 MB/9.0 GB  4.7 MB/s  30m55s[K[?25h[?2026l[?2026h[?25l[A[1Gpulling manifest [K
pulling 2049f5674b1e:   3% ▕                  ▏ 265 MB/9.0 GB  4.7 MB/s  31m10s[K[?25h[?2026l[?2026h[?25l[A[1Gpulling manifest [K
pulling 2049f5674b1e:   3% ▕                  ▏ 266 MB/9.0 GB  4.7 MB/s  31m10s[K[?25h[?2026l[?2026h[?25l[A[1Gpulling manifest [K
pulling 2049f5674b1e:   3% ▕                  ▏ 266 MB/9.0 GB  4.7 MB/s  31m10s[K[?25h[?2026l[?2026h[?25l[A[1Gpulling manifest [K
pulling 2049f5674b1e:   3% ▕                  ▏ 267 MB/9.0 GB  4.7 MB/s  31m10s[K[?25h[?2026l[?2026h[?25l[A[1Gpulling manifest [K
pulling 2049f5674b1e:   3% ▕                  ▏ 267 MB/9.0 GB  4.7 MB/s  31m10s[K[?25h[?2026l[?2026h[?25l[A[1Gpulling manifest [K
pulling 2049f5674b1e:   3% ▕                  ▏ 268 MB/9.0 GB  4.7 MB/s  31m10s[K[?25h[?2026l[?2026h[?25l[A[1Gpulling manifest [K
pulling 2049f5674b1e:   3% ▕                  ▏ 268 MB/9.0 GB  4.7 MB/s  31m10s[K[?25h[?2026l[?2026h[?25l[A[1Gpulling manifest [K
pulling 2049f5674b1e:   3% ▕                  ▏ 269 MB/9.0 GB  4.7 MB/s  31m10s[K[?25h[?2026l[?2026h[?25l[A[1Gpulling manifest [K
pulling 2049f5674b1e:   3% ▕                  ▏ 269 MB/9.0 GB  4.7 MB/s  31m10s[K[?25h[?2026l[?2026h[?25l[A[1Gpulling manifest [K
pulling 2049f5674b1e:   3% ▕                  ▏ 270 MB/9.0 GB  4.7 MB/s   31m9s[K[?25h[?2026l[?2026h[?25l[A[1Gpulling manifest [K
pulling 2049f5674b1e:   3% ▕                  ▏ 270 MB/9.0 GB  4.6 MB/s  31m17s[K[?25h[?2026l[?2026h[?25l[A[1Gpulling manifest [K
pulling 2049f5674b1e:   3% ▕                  ▏ 270 MB/9.0 GB  4.6 MB/s  31m17s[K[?25h[?2026l[?2026h[?25l[A[1Gpulling manifest [K
pulling 2049f5674b1e:   3% ▕                  ▏ 271 MB/9.0 GB  4.6 MB/s  31m17s[K[?25h[?2026l[?2026h[?25l[A[1Gpulling manifest [K
pulling 2049f5674b1e:   3% ▕                  ▏ 272 MB/9.0 GB  4.6 MB/s  31m17s[K[?25h[?2026l[?2026h[?25l[A[1Gpulling manifest [K
pulling 2049f5674b1e:   3% ▕                  ▏ 272 MB/9.0 GB  4.6 MB/s  31m17s[K[?25h[?2026l[?2026h[?25l[A[1Gpulling manifest [K
pulling 2049f5674b1e:   3% ▕                  ▏ 272 MB/9.0 GB  4.6 MB/s  31m17s[K[?25h[?2026l[?2026h[?25l[A[1Gpulling manifest [K
pulling 2049f5674b1e:   3% ▕                  ▏ 273 MB/9.0 GB  4.6 MB/s  31m17s[K[?25h[?2026l[?2026h[?25l[A[1Gpulling manifest [K
pulling 2049f5674b1e:   3% ▕                  ▏ 273 MB/9.0 GB  4.6 MB/s  31m17s[K[?25h[?2026l[?2026h[?25l[A[1Gpulling manifest [K
pulling 2049f5674b1e:   3% ▕                  ▏ 274 MB/9.0 GB  4.6 MB/s  31m16s[K[?25h[?2026l[?2026h[?25l[A[1Gpulling manifest [K
pulling 2049f5674b1e:   3% ▕                  ▏ 274 MB/9.0 GB  4.6 MB/s  31m16s[K[?25h[?2026l[?2026h[?25l[A[1Gpulling manifest [K
pulling 2049f5674b1e:   3% ▕                  ▏ 275 MB/9.0 GB  4.6 MB/s  31m16s[K[?25h[?2026l[?2026h[?25l[A[1Gpulling manifest [K
pulling 2049f5674b1e:   3% ▕                  ▏ 275 MB/9.0 GB  4.7 MB/s  30m45s[K[?25h[?2026l[?2026h[?25l[A[1Gpulling manifest [K
pulling 2049f5674b1e:   3% ▕                  ▏ 276 MB/9.0 GB  4.7 MB/s  30m45s[K[?25h[?2026l[?2026h[?25l[A[1Gpulling manifest [K
pulling 2049f5674b1e:   3% ▕                  ▏ 276 MB/9.0 GB  4.7 MB/s  30m45s[K[?25h[?2026l[?2026h[?25l[A[1Gpulling manifest [K
pulling 2049f5674b1e:   3% ▕                  ▏ 277 MB/9.0 GB  4.7 MB/s  30m45s[K[?25h[?2026l[?2026h[?25l[A[1Gpulling manifest [K
pulling 2049f5674b1e:   3% ▕                  ▏ 277 MB/9.0 GB  4.7 MB/s  30m44s[K[?25h[?2026l[?2026h[?25l[A[1Gpulling manifest [K
pulling 2049f5674b1e:   3% ▕                  ▏ 277 MB/9.0 GB  4.7 MB/s  30m44s[K[?25h[?2026l[?2026h[?25l[A[1Gpulling manifest [K
pulling 2049f5674b1e:   3% ▕                  ▏ 278 MB/9.0 GB  4.7 MB/s  30m44s[K[?25h[?2026l[?2026h[?25l[A[1Gpulling manifest [K
pulling 2049f5674b1e:   3% ▕                  ▏ 279 MB/9.0 GB  4.7 MB/s  30m44s[K[?25h[?2026l[?2026h[?25l[A[1Gpulling manifest [K
pulling 2049f5674b1e:   3% ▕                  ▏ 279 MB/9.0 GB  4.7 MB/s  30m44s[K[?25h[?2026l[?2026h[?25l[A[1Gpulling manifest [K
pulling 2049f5674b1e:   3% ▕                  ▏ 279 MB/9.0 GB  4.7 MB/s  30m44s[K[?25h[?2026l[?2026h[?25l[A[1Gpulling manifest [K
pulling 2049f5674b1e:   3% ▕                  ▏ 280 MB/9.0 GB  4.7 MB/s  30m42s[K[?25h[?2026l[?2026h[?25l[A[1Gpulling manifest [K
pulling 2049f5674b1e:   3% ▕                  ▏ 280 MB/9.0 GB  4.7 MB/s  30m42s[K[?25h[?2026l[?2026h[?25l[A[1Gpulling manifest [K
pulling 2049f5674b1e:   3% ▕                  ▏ 281 MB/9.0 GB  4.7 MB/s  30m42s[K[?25h[?2026l[?2026h[?25l[A[1Gpulling manifest [K
pulling 2049f5674b1e:   3% ▕                  ▏ 281 MB/9.0 GB  4.7 MB/s  30m42s[K[?25h[?2026l[?2026h[?25l[A[1Gpulling manifest [K
pulling 2049f5674b1e:   3% ▕                  ▏ 282 MB/9.0 GB  4.7 MB/s  30m42s[K[?25h[?2026l[?2026h[?25l[A[1Gpulling manifest [K
pulling 2049f5674b1e:   3% ▕                  ▏ 282 MB/9.0 GB  4.7 MB/s  30m42s[K[?25h[?2026l[?2026h[?25l[A[1Gpulling manifest [K
pulling 2049f5674b1e:   3% ▕                  ▏ 283 MB/9.0 GB  4.7 MB/s  30m42s[K[?25h[?2026l[?2026h[?25l[A[1Gpulling manifest [K
pulling 2049f5674b1e:   3% ▕                  ▏ 283 MB/9.0 GB  4.7 MB/s  30m42s[K[?25h[?2026l[?2026h[?25l[A[1Gpulling manifest [K
pulling 2049f5674b1e:   3% ▕                  ▏ 284 MB/9.0 GB  4.7 MB/s  30m42s[K[?25h[?2026l[?2026h[?25l[A[1Gpulling manifest [K
pulling 2049f5674b1e:   3% ▕                  ▏ 284 MB/9.0 GB  4.7 MB/s  30m42s[K[?25h[?2026l[?2026h[?25l[A[1Gpulling manifest [K
pulling 2049f5674b1e:   3% ▕                  ▏ 285 MB/9.0 GB  4.8 MB/s  30m26s[K[?25h[?2026l[?2026h[?25l[A[1Gpulling manifest [K
pulling 2049f5674b1e:   3% ▕                  ▏ 285 MB/9.0 GB  4.8 MB/s  30m26s[K[?25h[?2026l[?2026h[?25l[A[1Gpulling manifest [K
pulling 2049f5674b1e:   3% ▕                  ▏ 286 MB/9.0 GB  4.8 MB/s  30m25s[K[?25h[?2026l[?2026h[?25l[A[1Gpulling manifest [K
pulling 2049f5674b1e:   3% ▕                  ▏ 286 MB/9.0 GB  4.8 MB/s  30m25s[K[?25h[?2026l[?2026h[?25l[A[1Gpulling manifest [K
pulling 2049f5674b1e:   3% ▕                  ▏ 287 MB/9.0 GB  4.8 MB/s  30m25s[K[?25h[?2026l[?2026h[?25l[A[1Gpulling manifest [K
pulling 2049f5674b1e:   3% ▕                  ▏ 287 MB/9.0 GB  4.8 MB/s  30m25s[K[?25h[?2026l[?2026h[?25l[A[1Gpulling manifest [K
pulling 2049f5674b1e:   3% ▕                  ▏ 288 MB/9.0 GB  4.8 MB/s  30m25s[K[?25h[?2026l[?2026h[?25l[A[1Gpulling manifest [K
pulling 2049f5674b1e:   3% ▕                  ▏ 288 MB/9.0 GB  4.8 MB/s  30m25s[K[?25h[?2026l[?2026h[?25l[A[1Gpulling manifest [K
pulling 2049f5674b1e:   3% ▕                  ▏ 289 MB/9.0 GB  4.8 MB/s  30m25s[K[?25h[?2026l[?2026h[?25l[A[1Gpulling manifest [K
pulling 2049f5674b1e:   3% ▕                  ▏ 289 MB/9.0 GB  4.8 MB/s  30m25s[K[?25h[?2026l[?2026h[?25l[A[1Gpulling manifest [K
pulling 2049f5674b1e:   3% ▕                  ▏ 289 MB/9.0 GB  4.8 MB/s  30m16s[K[?25h[?2026l[?2026h[?25l[A[1Gpulling manifest [K
pulling 2049f5674b1e:   3% ▕                  ▏ 290 MB/9.0 GB  4.8 MB/s  30m16s[K[?25h[?2026l[?2026h[?25l[A[1Gpulling manifest [K
pulling 2049f5674b1e:   3% ▕                  ▏ 290 MB/9.0 GB  4.8 MB/s  30m16s[K[?25h[?2026l[?2026h[?25l[A[1Gpulling manifest [K
pulling 2049f5674b1e:   3% ▕                  ▏ 291 MB/9.0 GB  4.8 MB/s  30m16s[K[?25h[?2026l[?2026h[?25l[A[1Gpulling manifest [K
pulling 2049f5674b1e:   3% ▕                  ▏ 291 MB/9.0 GB  4.8 MB/s  30m16s[K[?25h[?2026l[?2026h[?25l[A[1Gpulling manifest [K
pulling 2049f5674b1e:   3% ▕                  ▏ 292 MB/9.0 GB  4.8 MB/s  30m16s[K[?25h[?2026l[?2026h[?25l[A[1Gpulling manifest [K
pulling 2049f5674b1e:   3% ▕                  ▏ 292 MB/9.0 GB  4.8 MB/s  30m16s[K[?25h[?2026l[?2026h[?25l[A[1Gpulling manifest [K
pulling 2049f5674b1e:   3% ▕                  ▏ 293 MB/9.0 GB  4.8 MB/s  30m16s[K[?25h[?2026l[?2026h[?25l[A[1Gpulling manifest [K
pulling 2049f5674b1e:   3% ▕                  ▏ 293 MB/9.0 GB  4.8 MB/s  30m15s[K[?25h[?2026l[?2026h[?25l[A[1Gpulling manifest [K
pulling 2049f5674b1e:   3% ▕                  ▏ 294 MB/9.0 GB  4.8 MB/s  30m15s[K[?25h[?2026l[?2026h[?25l[A[1Gpulling manifest [K
pulling 2049f5674b1e:   3% ▕                  ▏ 294 MB/9.0 GB  4.8 MB/s  30m18s[K[?25h[?2026l[?2026h[?25l[A[1Gpulling manifest [K
pulling 2049f5674b1e:   3% ▕                  ▏ 295 MB/9.0 GB  4.8 MB/s  30m18s[K[?25h[?2026l[?2026h[?25l[A[1Gpulling manifest [K
pulling 2049f5674b1e:   3% ▕                  ▏ 295 MB/9.0 GB  4.8 MB/s  30m18s[K[?25h[?2026l[?2026h[?25l[A[1Gpulling manifest [K
pulling 2049f5674b1e:   3% ▕                  ▏ 296 MB/9.0 GB  4.8 MB/s  30m18s[K[?25h[?2026l[?2026h[?25l[A[1Gpulling manifest [K
pulling 2049f5674b1e:   3% ▕                  ▏ 296 MB/9.0 GB  4.8 MB/s  30m18s[K[?25h[?2026l[?2026h[?25l[A[1Gpulling manifest [K
pulling 2049f5674b1e:   3% ▕                  ▏ 296 MB/9.0 GB  4.8 MB/s  30m18s[K[?25h[?2026l[?2026h[?25l[A[1Gpulling manifest [K
pulling 2049f5674b1e:   3% ▕                  ▏ 297 MB/9.0 GB  4.8 MB/s  30m18s[K[?25h[?2026l[?2026h[?25l[A[1Gpulling manifest [K
pulling 2049f5674b1e:   3% ▕                  ▏ 297 MB/9.0 GB  4.8 MB/s  30m18s[K[?25h[?2026l[?2026h[?25l[A[1Gpulling manifest [K
pulling 2049f5674b1e:   3% ▕                  ▏ 298 MB/9.0 GB  4.8 MB/s  30m18s[K[?25h[?2026l[?2026h[?25l[A[1Gpulling manifest [K
pulling 2049f5674b1e:   3% ▕                  ▏ 298 MB/9.0 GB  4.8 MB/s  30m18s[K[?25h[?2026l[?2026h[?25l[A[1Gpulling manifest [K
pulling 2049f5674b1e:   3% ▕                  ▏ 299 MB/9.0 GB  4.8 MB/s  30m17s[K[?25h[?2026l[?2026h[?25l[A[1Gpulling manifest [K
pulling 2049f5674b1e:   3% ▕                  ▏ 299 MB/9.0 GB  4.8 MB/s  30m24s[K[?25h[?2026l[?2026h[?25l[A[1Gpulling manifest [K
pulling 2049f5674b1e:   3% ▕                  ▏ 300 MB/9.0 GB  4.8 MB/s  30m24s[K[?25h[?2026l[?2026h[?25l[A[1Gpulling manifest [K
pulling 2049f5674b1e:   3% ▕                  ▏ 300 MB/9.0 GB  4.8 MB/s  30m24s[K[?25h[?2026l[?2026h[?25l[A[1Gpulling manifest [K
pulling 2049f5674b1e:   3% ▕                  ▏ 301 MB/9.0 GB  4.8 MB/s  30m24s[K[?25h[?2026l[?2026h[?25l[A[1Gpulling manifest [K
pulling 2049f5674b1e:   3% ▕                  ▏ 301 MB/9.0 GB  4.8 MB/s  30m24s[K[?25h[?2026l[?2026h[?25l[A[1Gpulling manifest [K
pulling 2049f5674b1e:   3% ▕                  ▏ 301 MB/9.0 GB  4.8 MB/s  30m24s[K[?25h[?2026l[?2026h[?25l[A[1Gpulling manifest [K
pulling 2049f5674b1e:   3% ▕                  ▏ 302 MB/9.0 GB  4.8 MB/s  30m24s[K[?25h[?2026l[?2026h[?25l[A[1Gpulling manifest [K
pulling 2049f5674b1e:   3% ▕                  ▏ 303 MB/9.0 GB  4.8 MB/s  30m24s[K[?25h[?2026l[?2026h[?25l[A[1Gpulling manifest [K
pulling 2049f5674b1e:   3% ▕                  ▏ 303 MB/9.0 GB  4.8 MB/s  30m24s[K[?25h[?2026l[?2026h[?25l[A[1Gpulling manifest [K
pulling 2049f5674b1e:   3% ▕                  ▏ 303 MB/9.0 GB  4.8 MB/s  30m23s[K[?25h[?2026l[?2026h[?25l[A[1Gpulling manifest [K
pulling 2049f5674b1e:   3% ▕                  ▏ 304 MB/9.0 GB  4.8 MB/s  30m22s[K[?25h[?2026l[?2026h[?25l[A[1Gpulling manifest [K
pulling 2049f5674b1e:   3% ▕                  ▏ 304 MB/9.0 GB  4.8 MB/s  30m21s[K[?25h[?2026l[?2026h[?25l[A[1Gpulling manifest [K
pulling 2049f5674b1e:   3% ▕                  ▏ 305 MB/9.0 GB  4.8 MB/s  30m21s[K[?25h[?2026l[?2026h[?25l[A[1Gpulling manifest [K
pulling 2049f5674b1e:   3% ▕                  ▏ 305 MB/9.0 GB  4.8 MB/s  30m21s[K[?25h[?2026l[?2026h[?25l[A[1Gpulling manifest [K
pulling 2049f5674b1e:   3% ▕                  ▏ 306 MB/9.0 GB  4.8 MB/s  30m21s[K[?25h[?2026l[?2026h[?25l[A[1Gpulling manifest [K
pulling 2049f5674b1e:   3% ▕                  ▏ 306 MB/9.0 GB  4.8 MB/s  30m21s[K[?25h[?2026l[?2026h[?25l[A[1Gpulling manifest [K
pulling 2049f5674b1e:   3% ▕                  ▏ 307 MB/9.0 GB  4.8 MB/s  30m21s[K[?25h[?2026l[?2026h[?25l[A[1Gpulling manifest [K
pulling 2049f5674b1e:   3% ▕                  ▏ 307 MB/9.0 GB  4.8 MB/s  30m21s[K[?25h[?2026l[?2026h[?25l[A[1Gpulling manifest [K
pulling 2049f5674b1e:   3% ▕                  ▏ 307 MB/9.0 GB  4.8 MB/s  30m21s[K[?25h[?2026l[?2026h[?25l[A[1Gpulling manifest [K
pulling 2049f5674b1e:   3% ▕                  ▏ 308 MB/9.0 GB  4.8 MB/s  30m21s[K[?25h[?2026l[?2026h[?25l[A[1Gpulling manifest [K
pulling 2049f5674b1e:   3% ▕                  ▏ 308 MB/9.0 GB  4.8 MB/s  30m18s[K[?25h[?2026l[?2026h[?25l[A[1Gpulling manifest [K
pulling 2049f5674b1e:   3% ▕                  ▏ 309 MB/9.0 GB  4.8 MB/s  30m18s[K[?25h[?2026l[?2026h[?25l[A[1Gpulling manifest [K
pulling 2049f5674b1e:   3% ▕                  ▏ 309 MB/9.0 GB  4.8 MB/s  30m18s[K[?25h[?2026l[?2026h[?25l[A[1Gpulling manifest [K
pulling 2049f5674b1e:   3% ▕                  ▏ 310 MB/9.0 GB  4.8 MB/s  30m18s[K[?25h[?2026l[?2026h[?25l[A[1Gpulling manifest [K
pulling 2049f5674b1e:   3% ▕                  ▏ 310 MB/9.0 GB  4.8 MB/s  30m18s[K[?25h[?2026l[?2026h[?25l[A[1Gpulling manifest [K
pulling 2049f5674b1e:   3% ▕                  ▏ 311 MB/9.0 GB  4.8 MB/s  30m18s[K[?25h[?2026l[?2026h[?25l[A[1Gpulling manifest [K
pulling 2049f5674b1e:   3% ▕                  ▏ 311 MB/9.0 GB  4.8 MB/s  30m18s[K[?25h[?2026l[?2026h[?25l[A[1Gpulling manifest [K
pulling 2049f5674b1e:   3% ▕                  ▏ 312 MB/9.0 GB  4.8 MB/s  30m18s[K[?25h[?2026l[?2026h[?25l[A[1Gpulling manifest [K
pulling 2049f5674b1e:   3% ▕                  ▏ 312 MB/9.0 GB  4.8 MB/s  30m18s[K[?25h[?2026l[?2026h[?25l[A[1Gpulling manifest [K
pulling 2049f5674b1e:   3% ▕                  ▏ 312 MB/9.0 GB  4.8 MB/s  30m17s[K[?25h[?2026l[?2026h[?25l[A[1Gpulling manifest [K
pulling 2049f5674b1e:   3% ▕                  ▏ 313 MB/9.0 GB  4.8 MB/s  30m16s[K[?25h[?2026l[?2026h[?25l[A[1Gpulling manifest [K
pulling 2049f5674b1e:   3% ▕                  ▏ 314 MB/9.0 GB  4.8 MB/s  30m16s[K[?25h[?2026l[?2026h[?25l[A[1Gpulling manifest [K
pulling 2049f5674b1e:   3% ▕                  ▏ 314 MB/9.0 GB  4.8 MB/s  30m16s[K[?25h[?2026l[?2026h[?25l[A[1Gpulling manifest [K
pulling 2049f5674b1e:   4% ▕                  ▏ 315 MB/9.0 GB  4.8 MB/s  30m16s[K[?25h[?2026l[?2026h[?25l[A[1Gpulling manifest [K
pulling 2049f5674b1e:   4% ▕                  ▏ 315 MB/9.0 GB  4.8 MB/s  30m15s[K[?25h[?2026l[?2026h[?25l[A[1Gpulling manifest [K
pulling 2049f5674b1e:   4% ▕                  ▏ 315 MB/9.0 GB  4.8 MB/s  30m15s[K[?25h[?2026l[?2026h[?25l[A[1Gpulling manifest [K
pulling 2049f5674b1e:   4% ▕                  ▏ 316 MB/9.0 GB  4.8 MB/s  30m15s[K[?25h[?2026l[?2026h[?25l[A[1Gpulling manifest [K
pulling 2049f5674b1e:   4% ▕                  ▏ 317 MB/9.0 GB  4.8 MB/s  30m15s[K[?25h[?2026l[?2026h[?25l[A[1Gpulling manifest [K
pulling 2049f5674b1e:   4% ▕                  ▏ 317 MB/9.0 GB  4.8 MB/s  30m15s[K[?25h[?2026l[?2026h[?25l[A[1Gpulling manifest [K
pulling 2049f5674b1e:   4% ▕                  ▏ 317 MB/9.0 GB  4.8 MB/s  30m15s[K[?25h[?2026l[?2026h[?25l[A[1Gpulling manifest [K
pulling 2049f5674b1e:   4% ▕                  ▏ 318 MB/9.0 GB  4.8 MB/s  30m11s[K[?25h[?2026l[?2026h[?25l[A[1Gpulling manifest [K
pulling 2049f5674b1e:   4% ▕                  ▏ 318 MB/9.0 GB  4.8 MB/s  30m11s[K[?25h[?2026l[?2026h[?25l[A[1Gpulling manifest [K
pulling 2049f5674b1e:   4% ▕                  ▏ 319 MB/9.0 GB  4.8 MB/s  30m11s[K[?25h[?2026l[?2026h[?25l[A[1Gpulling manifest [K
pulling 2049f5674b1e:   4% ▕                  ▏ 319 MB/9.0 GB  4.8 MB/s  30m11s[K[?25h[?2026l[?2026h[?25l[A[1Gpulling manifest [K
pulling 2049f5674b1e:   4% ▕                  ▏ 320 MB/9.0 GB  4.8 MB/s  30m11s[K[?25h[?2026l[?2026h[?25l[A[1Gpulling manifest [K
pulling 2049f5674b1e:   4% ▕                  ▏ 320 MB/9.0 GB  4.8 MB/s  30m11s[K[?25h[?2026l[?2026h[?25l[A[1Gpulling manifest [K
pulling 2049f5674b1e:   4% ▕                  ▏ 321 MB/9.0 GB  4.8 MB/s  30m10s[K[?25h[?2026l[?2026h[?25l[A[1Gpulling manifest [K
pulling 2049f5674b1e:   4% ▕                  ▏ 321 MB/9.0 GB  4.8 MB/s  30m10s[K[?25h[?2026l[?2026h[?25l[A[1Gpulling manifest [K
pulling 2049f5674b1e:   4% ▕                  ▏ 322 MB/9.0 GB  4.8 MB/s  30m10s[K[?25h[?2026l[?2026h[?25l[A[1Gpulling manifest [K
pulling 2049f5674b1e:   4% ▕                  ▏ 322 MB/9.0 GB  4.8 MB/s  30m10s[K[?25h[?2026l[?2026h[?25l[A[1Gpulling manifest [K
pulling 2049f5674b1e:   4% ▕                  ▏ 323 MB/9.0 GB  4.8 MB/s  30m10s[K[?25h[?2026l[?2026h[?25l[A[1Gpulling manifest [K
pulling 2049f5674b1e:   4% ▕                  ▏ 323 MB/9.0 GB  4.8 MB/s   30m4s[K[?25h[?2026l[?2026h[?25l[A[1Gpulling manifest [K
pulling 2049f5674b1e:   4% ▕                  ▏ 324 MB/9.0 GB  4.8 MB/s   30m4s[K[?25h[?2026l[?2026h[?25l[A[1Gpulling manifest [K
pulling 2049f5674b1e:   4% ▕                  ▏ 324 MB/9.0 GB  4.8 MB/s   30m4s[K[?25h[?2026l[?2026h[?25l[A[1Gpulling manifest [K
pulling 2049f5674b1e:   4% ▕                  ▏ 325 MB/9.0 GB  4.8 MB/s   30m4s[K[?25h[?2026l[?2026h[?25l[A[1Gpulling manifest [K
pulling 2049f5674b1e:   4% ▕                  ▏ 325 MB/9.0 GB  4.8 MB/s   30m4s[K[?25h[?2026l[?2026h[?25l[A[1Gpulling manifest [K
pulling 2049f5674b1e:   4% ▕                  ▏ 326 MB/9.0 GB  4.8 MB/s   30m4s[K[?25h[?2026l[?2026h[?25l[A[1Gpulling manifest [K
pulling 2049f5674b1e:   4% ▕                  ▏ 326 MB/9.0 GB  4.8 MB/s   30m4s[K[?25h[?2026l[?2026h[?25l[A[1Gpulling manifest [K
pulling 2049f5674b1e:   4% ▕                  ▏ 327 MB/9.0 GB  4.8 MB/s   30m4s[K[?25h[?2026l[?2026h[?25l[A[1Gpulling manifest [K
pulling 2049f5674b1e:   4% ▕                  ▏ 327 MB/9.0 GB  4.8 MB/s   30m4s[K[?25h[?2026l[?2026h[?25l[A[1Gpulling manifest [K
pulling 2049f5674b1e:   4% ▕                  ▏ 328 MB/9.0 GB  4.8 MB/s   30m4s[K[?25h[?2026l[?2026h[?25l[A[1Gpulling manifest [K
pulling 2049f5674b1e:   4% ▕                  ▏ 328 MB/9.0 GB  4.8 MB/s   30m7s[K[?25h[?2026l[?2026h[?25l[A[1Gpulling manifest [K
pulling 2049f5674b1e:   4% ▕                  ▏ 328 MB/9.0 GB  4.8 MB/s   30m7s[K[?25h[?2026l[?2026h[?25l[A[1Gpulling manifest [K
pulling 2049f5674b1e:   4% ▕                  ▏ 329 MB/9.0 GB  4.8 MB/s   30m7s[K[?25h[?2026l[?2026h[?25l[A[1Gpulling manifest [K
pulling 2049f5674b1e:   4% ▕                  ▏ 330 MB/9.0 GB  4.8 MB/s   30m6s[K[?25h[?2026l[?2026h[?25l[A[1Gpulling manifest [K
pulling 2049f5674b1e:   4% ▕                  ▏ 330 MB/9.0 GB  4.8 MB/s   30m6s[K[?25h[?2026l[?2026h[?25l[A[1Gpulling manifest [K
pulling 2049f5674b1e:   4% ▕                  ▏ 330 MB/9.0 GB  4.8 MB/s   30m6s[K[?25h[?2026l[?2026h[?25l[A[1Gpulling manifest [K
pulling 2049f5674b1e:   4% ▕                  ▏ 331 MB/9.0 GB  4.8 MB/s   30m6s[K[?25h[?2026l[?2026h[?25l[A[1Gpulling manifest [K
pulling 2049f5674b1e:   4% ▕                  ▏ 331 MB/9.0 GB  4.8 MB/s   30m6s[K[?25h[?2026l[?2026h[?25l[A[1Gpulling manifest [K
pulling 2049f5674b1e:   4% ▕                  ▏ 332 MB/9.0 GB  4.8 MB/s   30m6s[K[?25h[?2026l[?2026h[?25l[A[1Gpulling manifest [K
pulling 2049f5674b1e:   4% ▕                  ▏ 332 MB/9.0 GB  4.8 MB/s   30m6s[K[?25h[?2026l[?2026h[?25l[A[1Gpulling manifest [K
pulling 2049f5674b1e:   4% ▕                  ▏ 333 MB/9.0 GB  4.8 MB/s   30m3s[K[?25h[?2026l[?2026h[?25l[A[1Gpulling manifest [K
pulling 2049f5674b1e:   4% ▕                  ▏ 333 MB/9.0 GB  4.8 MB/s   30m3s[K[?25h[?2026l[?2026h[?25l[A[1Gpulling manifest [K
pulling 2049f5674b1e:   4% ▕                  ▏ 334 MB/9.0 GB  4.8 MB/s   30m2s[K[?25h[?2026l[?2026h[?25l[A[1Gpulling manifest [K
pulling 2049f5674b1e:   4% ▕                  ▏ 334 MB/9.0 GB  4.8 MB/s   30m2s[K[?25h[?2026l[?2026h[?25l[A[1Gpulling manifest [K
pulling 2049f5674b1e:   4% ▕                  ▏ 335 MB/9.0 GB  4.8 MB/s   30m2s[K[?25h[?2026l[?2026h[?25l[A[1Gpulling manifest [K
pulling 2049f5674b1e:   4% ▕                  ▏ 335 MB/9.0 GB  4.8 MB/s   30m2s[K[?25h[?2026l[?2026h[?25l[A[1Gpulling manifest [K
pulling 2049f5674b1e:   4% ▕                  ▏ 335 MB/9.0 GB  4.8 MB/s   30m2s[K[?25h[?2026l[?2026h[?25l[A[1Gpulling manifest [K
pulling 2049f5674b1e:   4% ▕                  ▏ 336 MB/9.0 GB  4.8 MB/s   30m2s[K[?25h[?2026l[?2026h[?25l[A[1Gpulling manifest [K
pulling 2049f5674b1e:   4% ▕                  ▏ 337 MB/9.0 GB  4.8 MB/s   30m2s[K[?25h[?2026l[?2026h[?25l[A[1Gpulling manifest [K
pulling 2049f5674b1e:   4% ▕                  ▏ 337 MB/9.0 GB  4.8 MB/s   30m2s[K[?25h[?2026l[?2026h[?25l[A[1Gpulling manifest [K
pulling 2049f5674b1e:   4% ▕                  ▏ 337 MB/9.0 GB  4.8 MB/s   30m2s[K[?25h[?2026l[?2026h[?25l[A[1Gpulling manifest [K
pulling 2049f5674b1e:   4% ▕                  ▏ 338 MB/9.0 GB  4.8 MB/s   30m2s[K[?25h[?2026l[?2026h[?25l[A[1Gpulling manifest [K
pulling 2049f5674b1e:   4% ▕                  ▏ 338 MB/9.0 GB  4.8 MB/s   30m2s[K[?25h[?2026l[?2026h[?25l[A[1Gpulling manifest [K
pulling 2049f5674b1e:   4% ▕                  ▏ 339 MB/9.0 GB  4.8 MB/s   30m2s[K[?25h[?2026l[?2026h[?25l[A[1Gpulling manifest [K
pulling 2049f5674b1e:   4% ▕                  ▏ 339 MB/9.0 GB  4.8 MB/s   30m2s[K[?25h[?2026l[?2026h[?25l[A[1Gpulling manifest [K
pulling 2049f5674b1e:   4% ▕                  ▏ 340 MB/9.0 GB  4.8 MB/s   30m2s[K[?25h[?2026l[?2026h[?25l[A[1Gpulling manifest [K
pulling 2049f5674b1e:   4% ▕                  ▏ 340 MB/9.0 GB  4.8 MB/s   30m1s[K[?25h[?2026l[?2026h[?25l[A[1Gpulling manifest [K
pulling 2049f5674b1e:   4% ▕                  ▏ 341 MB/9.0 GB  4.8 MB/s   30m1s[K[?25h[?2026l[?2026h[?25l[A[1Gpulling manifest [K
pulling 2049f5674b1e:   4% ▕                  ▏ 341 MB/9.0 GB  4.8 MB/s   30m1s[K[?25h[?2026l[?2026h[?25l[A[1Gpulling manifest [K
pulling 2049f5674b1e:   4% ▕                  ▏ 342 MB/9.0 GB  4.8 MB/s   30m1s[K[?25h[?2026l[?2026h[?25l[A[1Gpulling manifest [K
pulling 2049f5674b1e:   4% ▕                  ▏ 342 MB/9.0 GB  4.8 MB/s  29m59s[K[?25h[?2026l[?2026h[?25l[A[1Gpulling manifest [K
pulling 2049f5674b1e:   4% ▕                  ▏ 342 MB/9.0 GB  4.8 MB/s  29m59s[K[?25h[?2026l[?2026h[?25l[A[1Gpulling manifest [K
pulling 2049f5674b1e:   4% ▕                  ▏ 343 MB/9.0 GB  4.8 MB/s  29m59s[K[?25h[?2026l[?2026h[?25l[A[1Gpulling manifest [K
pulling 2049f5674b1e:   4% ▕                  ▏ 344 MB/9.0 GB  4.8 MB/s  29m59s[K[?25h[?2026l[?2026h[?25l[A[1Gpulling manifest [K
pulling 2049f5674b1e:   4% ▕                  ▏ 344 MB/9.0 GB  4.8 MB/s  29m59s[K[?25h[?2026l[?2026h[?25l[A[1Gpulling manifest [K
pulling 2049f5674b1e:   4% ▕                  ▏ 344 MB/9.0 GB  4.8 MB/s  29m59s[K[?25h[?2026l[?2026h[?25l[A[1Gpulling manifest [K
pulling 2049f5674b1e:   4% ▕                  ▏ 345 MB/9.0 GB  4.8 MB/s  29m58s[K[?25h[?2026l[?2026h[?25l[A[1Gpulling manifest [K
pulling 2049f5674b1e:   4% ▕                  ▏ 345 MB/9.0 GB  4.8 MB/s  29m58s[K[?25h[?2026l[?2026h[?25l[A[1Gpulling manifest [K
pulling 2049f5674b1e:   4% ▕                  ▏ 346 MB/9.0 GB  4.8 MB/s  29m58s[K[?25h[?2026l[?2026h[?25l[A[1Gpulling manifest [K
pulling 2049f5674b1e:   4% ▕                  ▏ 346 MB/9.0 GB  4.8 MB/s  29m58s[K[?25h[?2026l[?2026h[?25l[A[1Gpulling manifest [K
pulling 2049f5674b1e:   4% ▕                  ▏ 347 MB/9.0 GB  4.8 MB/s  29m58s[K[?25h[?2026l[?2026h[?25l[A[1Gpulling manifest [K
pulling 2049f5674b1e:   4% ▕                  ▏ 347 MB/9.0 GB  4.8 MB/s   30m3s[K[?25h[?2026l[?2026h[?25l[A[1Gpulling manifest [K
pulling 2049f5674b1e:   4% ▕                  ▏ 348 MB/9.0 GB  4.8 MB/s   30m2s[K[?25h[?2026l[?2026h[?25l[A[1Gpulling manifest [K
pulling 2049f5674b1e:   4% ▕                  ▏ 348 MB/9.0 GB  4.8 MB/s   30m2s[K[?25h[?2026l[?2026h[?25l[A[1Gpulling manifest [K
pulling 2049f5674b1e:   4% ▕                  ▏ 349 MB/9.0 GB  4.8 MB/s   30m2s[K[?25h[?2026l[?2026h[?25l[A[1Gpulling manifest [K
pulling 2049f5674b1e:   4% ▕                  ▏ 349 MB/9.0 GB  4.8 MB/s   30m2s[K[?25h[?2026l[?2026h[?25l[A[1Gpulling manifest [K
pulling 2049f5674b1e:   4% ▕                  ▏ 350 MB/9.0 GB  4.8 MB/s   30m2s[K[?25h[?2026l[?2026h[?25l[A[1Gpulling manifest [K
pulling 2049f5674b1e:   4% ▕                  ▏ 350 MB/9.0 GB  4.8 MB/s   30m2s[K[?25h[?2026l[?2026h[?25l[A[1Gpulling manifest [K
pulling 2049f5674b1e:   4% ▕                  ▏ 351 MB/9.0 GB  4.8 MB/s   30m2s[K[?25h[?2026l[?2026h[?25l[A[1Gpulling manifest [K
pulling 2049f5674b1e:   4% ▕                  ▏ 351 MB/9.0 GB  4.8 MB/s   30m2s[K[?25h[?2026l[?2026h[?25l[A[1Gpulling manifest [K
pulling 2049f5674b1e:   4% ▕                  ▏ 352 MB/9.0 GB  4.8 MB/s   30m2s[K[?25h[?2026l[?2026h[?25l[A[1Gpulling manifest [K
pulling 2049f5674b1e:   4% ▕                  ▏ 352 MB/9.0 GB  4.8 MB/s  29m49s[K[?25h[?2026l[?2026h[?25l[A[1Gpulling manifest [K
pulling 2049f5674b1e:   4% ▕                  ▏ 352 MB/9.0 GB  4.8 MB/s  29m49s[K[?25h[?2026l[?2026h[?25l[A[1Gpulling manifest [K
pulling 2049f5674b1e:   4% ▕                  ▏ 353 MB/9.0 GB  4.8 MB/s  29m49s[K[?25h[?2026l[?2026h[?25l[A[1Gpulling manifest [K
pulling 2049f5674b1e:   4% ▕                  ▏ 353 MB/9.0 GB  4.8 MB/s  29m48s[K[?25h[?2026l[?2026h[?25l[A[1Gpulling manifest [K
pulling 2049f5674b1e:   4% ▕                  ▏ 354 MB/9.0 GB  4.8 MB/s  29m48s[K[?25h[?2026l[?2026h[?25l[A[1Gpulling manifest [K
pulling 2049f5674b1e:   4% ▕                  ▏ 354 MB/9.0 GB  4.8 MB/s  29m48s[K[?25h[?2026l[?2026h[?25l[A[1Gpulling manifest [K
pulling 2049f5674b1e:   4% ▕                  ▏ 355 MB/9.0 GB  4.8 MB/s  29m48s[K[?25h[?2026l[?2026h[?25l[A[1Gpulling manifest [K
pulling 2049f5674b1e:   4% ▕                  ▏ 355 MB/9.0 GB  4.8 MB/s  29m48s[K[?25h[?2026l[?2026h[?25l[A[1Gpulling manifest [K
pulling 2049f5674b1e:   4% ▕                  ▏ 356 MB/9.0 GB  4.8 MB/s  29m48s[K[?25h[?2026l[?2026h[?25l[A[1Gpulling manifest [K
pulling 2049f5674b1e:   4% ▕                  ▏ 356 MB/9.0 GB  4.8 MB/s  29m48s[K[?25h[?2026l[?2026h[?25l[A[1Gpulling manifest [K
pulling 2049f5674b1e:   4% ▕                  ▏ 357 MB/9.0 GB  4.8 MB/s  29m42s[K[?25h[?2026l[?2026h[?25l[A[1Gpulling manifest [K
pulling 2049f5674b1e:   4% ▕                  ▏ 357 MB/9.0 GB  4.8 MB/s  29m42s[K[?25h[?2026l[?2026h[?25l[A[1Gpulling manifest [K
pulling 2049f5674b1e:   4% ▕                  ▏ 358 MB/9.0 GB  4.8 MB/s  29m42s[K[?25h[?2026l[?2026h[?25l[A[1Gpulling manifest [K
pulling 2049f5674b1e:   4% ▕                  ▏ 358 MB/9.0 GB  4.8 MB/s  29m42s[K[?25h[?2026l[?2026h[?25l[A[1Gpulling manifest [K
pulling 2049f5674b1e:   4% ▕                  ▏ 359 MB/9.0 GB  4.8 MB/s  29m42s[K[?25h[?2026l[?2026h[?25l[A[1Gpulling manifest [K
pulling 2049f5674b1e:   4% ▕                  ▏ 359 MB/9.0 GB  4.8 MB/s  29m41s[K[?25h[?2026l[?2026h[?25l[A[1Gpulling manifest [K
pulling 2049f5674b1e:   4% ▕                  ▏ 359 MB/9.0 GB  4.8 MB/s  29m41s[K[?25h[?2026l[?2026h[?25l[A[1Gpulling manifest [K
pulling 2049f5674b1e:   4% ▕                  ▏ 360 MB/9.0 GB  4.8 MB/s  29m41s[K[?25h[?2026l[?2026h[?25l[A[1Gpulling manifest [K
pulling 2049f5674b1e:   4% ▕                  ▏ 361 MB/9.0 GB  4.8 MB/s  29m41s[K[?25h[?2026l[?2026h[?25l[A[1Gpulling manifest [K
pulling 2049f5674b1e:   4% ▕                  ▏ 361 MB/9.0 GB  4.8 MB/s  29m41s[K[?25h[?2026l[?2026h[?25l[A[1Gpulling manifest [K
pulling 2049f5674b1e:   4% ▕                  ▏ 362 MB/9.0 GB  4.8 MB/s  29m43s[K[?25h[?2026l[?2026h[?25l[A[1Gpulling manifest [K
pulling 2049f5674b1e:   4% ▕                  ▏ 362 MB/9.0 GB  4.8 MB/s  29m43s[K[?25h[?2026l[?2026h[?25l[A[1Gpulling manifest [K
pulling 2049f5674b1e:   4% ▕                  ▏ 362 MB/9.0 GB  4.8 MB/s  29m43s[K[?25h[?2026l[?2026h[?25l[A[1Gpulling manifest [K
pulling 2049f5674b1e:   4% ▕                  ▏ 363 MB/9.0 GB  4.8 MB/s  29m43s[K[?25h[?2026l[?2026h[?25l[A[1Gpulling manifest [K
pulling 2049f5674b1e:   4% ▕                  ▏ 363 MB/9.0 GB  4.8 MB/s  29m42s[K[?25h[?2026l[?2026h[?25l[A[1Gpulling manifest [K
pulling 2049f5674b1e:   4% ▕                  ▏ 364 MB/9.0 GB  4.8 MB/s  29m42s[K[?25h[?2026l[?2026h[?25l[A[1Gpulling manifest [K
pulling 2049f5674b1e:   4% ▕                  ▏ 364 MB/9.0 GB  4.8 MB/s  29m42s[K[?25h[?2026l[?2026h[?25l[A[1Gpulling manifest [K
pulling 2049f5674b1e:   4% ▕                  ▏ 365 MB/9.0 GB  4.8 MB/s  29m42s[K[?25h[?2026l[?2026h[?25l[A[1Gpulling manifest [K
pulling 2049f5674b1e:   4% ▕                  ▏ 365 MB/9.0 GB  4.8 MB/s  29m42s[K[?25h[?2026l[?2026h[?25l[A[1Gpulling manifest [K
pulling 2049f5674b1e:   4% ▕                  ▏ 366 MB/9.0 GB  4.8 MB/s  29m42s[K[?25h[?2026l[?2026h[?25l[A[1Gpulling manifest [K
pulling 2049f5674b1e:   4% ▕                  ▏ 366 MB/9.0 GB  4.8 MB/s  29m49s[K[?25h[?2026l[?2026h[?25l[A[1Gpulling manifest [K
pulling 2049f5674b1e:   4% ▕                  ▏ 367 MB/9.0 GB  4.8 MB/s  29m49s[K[?25h[?2026l[?2026h[?25l[A[1Gpulling manifest [K
pulling 2049f5674b1e:   4% ▕                  ▏ 367 MB/9.0 GB  4.8 MB/s  29m49s[K[?25h[?2026l[?2026h[?25l[A[1Gpulling manifest [K
pulling 2049f5674b1e:   4% ▕                  ▏ 368 MB/9.0 GB  4.8 MB/s  29m49s[K[?25h[?2026l[?2026h[?25l[A[1Gpulling manifest [K
pulling 2049f5674b1e:   4% ▕                  ▏ 368 MB/9.0 GB  4.8 MB/s  29m49s[K[?25h[?2026l[?2026h[?25l[A[1Gpulling manifest [K
pulling 2049f5674b1e:   4% ▕                  ▏ 369 MB/9.0 GB  4.8 MB/s  29m48s[K[?25h[?2026l[?2026h[?25l[A[1Gpulling manifest [K
pulling 2049f5674b1e:   4% ▕                  ▏ 369 MB/9.0 GB  4.8 MB/s  29m48s[K[?25h[?2026l[?2026h[?25l[A[1Gpulling manifest [K
pulling 2049f5674b1e:   4% ▕                  ▏ 369 MB/9.0 GB  4.8 MB/s  29m48s[K[?25h[?2026l[?2026h[?25l[A[1Gpulling manifest [K
pulling 2049f5674b1e:   4% ▕                  ▏ 370 MB/9.0 GB  4.8 MB/s  29m48s[K[?25h[?2026l[?2026h[?25l[A[1Gpulling manifest [K
pulling 2049f5674b1e:   4% ▕                  ▏ 370 MB/9.0 GB  4.8 MB/s  29m48s[K[?25h[?2026l[?2026h[?25l[A[1Gpulling manifest [K
pulling 2049f5674b1e:   4% ▕                  ▏ 371 MB/9.0 GB  4.8 MB/s  29m48s[K[?25h[?2026l[?2026h[?25l[A[1Gpulling manifest [K
pulling 2049f5674b1e:   4% ▕                  ▏ 371 MB/9.0 GB  4.8 MB/s  29m52s[K[?25h[?2026l[?2026h[?25l[A[1Gpulling manifest [K
pulling 2049f5674b1e:   4% ▕                  ▏ 372 MB/9.0 GB  4.8 MB/s  29m52s[K[?25h[?2026l[?2026h[?25l[A[1Gpulling manifest [K
pulling 2049f5674b1e:   4% ▕                  ▏ 372 MB/9.0 GB  4.8 MB/s  29m52s[K[?25h[?2026l[?2026h[?25l[A[1Gpulling manifest [K
pulling 2049f5674b1e:   4% ▕                  ▏ 373 MB/9.0 GB  4.8 MB/s  29m52s[K[?25h[?2026l[?2026h[?25l[A[1Gpulling manifest [K
pulling 2049f5674b1e:   4% ▕                  ▏ 373 MB/9.0 GB  4.8 MB/s  29m52s[K[?25h[?2026l[?2026h[?25l[A[1Gpulling manifest [K
pulling 2049f5674b1e:   4% ▕                  ▏ 374 MB/9.0 GB  4.8 MB/s  29m52s[K[?25h[?2026l[?2026h[?25l[A[1Gpulling manifest [K
pulling 2049f5674b1e:   4% ▕                  ▏ 374 MB/9.0 GB  4.8 MB/s  29m51s[K[?25h[?2026l[?2026h[?25l[A[1Gpulling manifest [K
pulling 2049f5674b1e:   4% ▕                  ▏ 375 MB/9.0 GB  4.8 MB/s  29m51s[K[?25h[?2026l[?2026h[?25l[A[1Gpulling manifest [K
pulling 2049f5674b1e:   4% ▕                  ▏ 375 MB/9.0 GB  4.8 MB/s  29m51s[K[?25h[?2026l[?2026h[?25l[A[1Gpulling manifest [K
pulling 2049f5674b1e:   4% ▕                  ▏ 376 MB/9.0 GB  4.8 MB/s  29m51s[K[?25h[?2026l[?2026h[?25l[A[1Gpulling manifest [K
pulling 2049f5674b1e:   4% ▕                  ▏ 376 MB/9.0 GB  4.8 MB/s  29m48s[K[?25h[?2026l[?2026h[?25l[A[1Gpulling manifest [K
pulling 2049f5674b1e:   4% ▕                  ▏ 377 MB/9.0 GB  4.8 MB/s  29m48s[K[?25h[?2026l[?2026h[?25l[A[1Gpulling manifest [K
pulling 2049f5674b1e:   4% ▕                  ▏ 377 MB/9.0 GB  4.8 MB/s  29m48s[K[?25h[?2026l[?2026h[?25l[A[1Gpulling manifest [K
pulling 2049f5674b1e:   4% ▕                  ▏ 378 MB/9.0 GB  4.8 MB/s  29m48s[K[?25h[?2026l[?2026h[?25l[A[1Gpulling manifest [K
pulling 2049f5674b1e:   4% ▕                  ▏ 378 MB/9.0 GB  4.8 MB/s  29m48s[K[?25h[?2026l[?2026h[?25l[A[1Gpulling manifest [K
pulling 2049f5674b1e:   4% ▕                  ▏ 379 MB/9.0 GB  4.8 MB/s  29m48s[K[?25h[?2026l[?2026h[?25l[A[1Gpulling manifest [K
pulling 2049f5674b1e:   4% ▕                  ▏ 379 MB/9.0 GB  4.8 MB/s  29m47s[K[?25h[?2026l[?2026h[?25l[A[1Gpulling manifest [K
pulling 2049f5674b1e:   4% ▕                  ▏ 380 MB/9.0 GB  4.8 MB/s  29m47s[K[?25h[?2026l[?2026h[?25l[A[1Gpulling manifest [K
pulling 2049f5674b1e:   4% ▕                  ▏ 380 MB/9.0 GB  4.8 MB/s  29m47s[K[?25h[?2026l[?2026h[?25l[A[1Gpulling manifest [K
pulling 2049f5674b1e:   4% ▕                  ▏ 381 MB/9.0 GB  4.8 MB/s  29m47s[K[?25h[?2026l[?2026h[?25l[A[1Gpulling manifest [K
pulling 2049f5674b1e:   4% ▕                  ▏ 381 MB/9.0 GB  4.8 MB/s  29m36s[K[?25h[?2026l[?2026h[?25l[A[1Gpulling manifest [K
pulling 2049f5674b1e:   4% ▕                  ▏ 382 MB/9.0 GB  4.8 MB/s  29m36s[K[?25h[?2026l[?2026h[?25l[A[1Gpulling manifest [K
pulling 2049f5674b1e:   4% ▕                  ▏ 382 MB/9.0 GB  4.8 MB/s  29m36s[K[?25h[?2026l[?2026h[?25l[A[1Gpulling manifest [K
pulling 2049f5674b1e:   4% ▕                  ▏ 382 MB/9.0 GB  4.8 MB/s  29m36s[K[?25h[?2026l[?2026h[?25l[A[1Gpulling manifest [K
pulling 2049f5674b1e:   4% ▕                  ▏ 383 MB/9.0 GB  4.8 MB/s  29m36s[K[?25h[?2026l[?2026h[?25l[A[1Gpulling manifest [K
pulling 2049f5674b1e:   4% ▕                  ▏ 384 MB/9.0 GB  4.8 MB/s  29m35s[K[?25h[?2026l[?2026h[?25l[A[1Gpulling manifest [K
pulling 2049f5674b1e:   4% ▕                  ▏ 384 MB/9.0 GB  4.8 MB/s  29m35s[K[?25h[?2026l[?2026h[?25l[A[1Gpulling manifest [K
pulling 2049f5674b1e:   4% ▕                  ▏ 385 MB/9.0 GB  4.8 MB/s  29m35s[K[?25h[?2026l[?2026h[?25l[A[1Gpulling manifest [K
pulling 2049f5674b1e:   4% ▕                  ▏ 385 MB/9.0 GB  4.8 MB/s  29m35s[K[?25h[?2026l[?2026h[?25l[A[1Gpulling manifest [K
pulling 2049f5674b1e:   4% ▕                  ▏ 385 MB/9.0 GB  4.8 MB/s  29m35s[K[?25h[?2026l[?2026h[?25l[A[1Gpulling manifest [K
pulling 2049f5674b1e:   4% ▕                  ▏ 386 MB/9.0 GB  4.9 MB/s  29m24s[K[?25h[?2026l[?2026h[?25l[A[1Gpulling manifest [K
pulling 2049f5674b1e:   4% ▕                  ▏ 387 MB/9.0 GB  4.9 MB/s  29m24s[K[?25h[?2026l[?2026h[?25l[A[1Gpulling manifest [K
pulling 2049f5674b1e:   4% ▕                  ▏ 387 MB/9.0 GB  4.9 MB/s  29m24s[K[?25h[?2026l[?2026h[?25l[A[1Gpulling manifest [K
pulling 2049f5674b1e:   4% ▕                  ▏ 387 MB/9.0 GB  4.9 MB/s  29m24s[K[?25h[?2026l[?2026h[?25l[A[1Gpulling manifest [K
pulling 2049f5674b1e:   4% ▕                  ▏ 388 MB/9.0 GB  4.9 MB/s  29m24s[K[?25h[?2026l[?2026h[?25l[A[1Gpulling manifest [K
pulling 2049f5674b1e:   4% ▕                  ▏ 388 MB/9.0 GB  4.9 MB/s  29m24s[K[?25h[?2026l[?2026h[?25l[A[1Gpulling manifest [K
pulling 2049f5674b1e:   4% ▕                  ▏ 389 MB/9.0 GB  4.9 MB/s  29m24s[K[?25h[?2026l[?2026h[?25l[A[1Gpulling manifest [K
pulling 2049f5674b1e:   4% ▕                  ▏ 389 MB/9.0 GB  4.9 MB/s  29m24s[K[?25h[?2026l[?2026h[?25l[A[1Gpulling manifest [K
pulling 2049f5674b1e:   4% ▕                  ▏ 390 MB/9.0 GB  4.9 MB/s  29m24s[K[?25h[?2026l[?2026h[?25l[A[1Gpulling manifest [K
pulling 2049f5674b1e:   4% ▕                  ▏ 390 MB/9.0 GB  4.9 MB/s  29m23s[K[?25h[?2026l[?2026h[?25l[A[1Gpulling manifest [K
pulling 2049f5674b1e:   4% ▕                  ▏ 391 MB/9.0 GB  4.9 MB/s  29m14s[K[?25h[?2026l[?2026h[?25l[A[1Gpulling manifest [K
pulling 2049f5674b1e:   4% ▕                  ▏ 391 MB/9.0 GB  4.9 MB/s  29m14s[K[?25h[?2026l[?2026h[?25l[A[1Gpulling manifest [K
pulling 2049f5674b1e:   4% ▕                  ▏ 392 MB/9.0 GB  4.9 MB/s  29m14s[K[?25h[?2026l[?2026h[?25l[A[1Gpulling manifest [K
pulling 2049f5674b1e:   4% ▕                  ▏ 392 MB/9.0 GB  4.9 MB/s  29m14s[K[?25h[?2026l[?2026h[?25l[A[1Gpulling manifest [K
pulling 2049f5674b1e:   4% ▕                  ▏ 393 MB/9.0 GB  4.9 MB/s  29m14s[K[?25h[?2026l[?2026h[?25l[A[1Gpulling manifest [K
pulling 2049f5674b1e:   4% ▕                  ▏ 393 MB/9.0 GB  4.9 MB/s  29m14s[K[?25h[?2026l[?2026h[?25l[A[1Gpulling manifest [K
pulling 2049f5674b1e:   4% ▕                  ▏ 394 MB/9.0 GB  4.9 MB/s  29m14s[K[?25h[?2026l[?2026h[?25l[A[1Gpulling manifest [K
pulling 2049f5674b1e:   4% ▕                  ▏ 394 MB/9.0 GB  4.9 MB/s  29m14s[K[?25h[?2026l[?2026h[?25l[A[1Gpulling manifest [K
pulling 2049f5674b1e:   4% ▕                  ▏ 394 MB/9.0 GB  4.9 MB/s  29m14s[K[?25h[?2026l[?2026h[?25l[A[1Gpulling manifest [K
pulling 2049f5674b1e:   4% ▕                  ▏ 395 MB/9.0 GB  4.9 MB/s  29m14s[K[?25h[?2026l[?2026h[?25l[A[1Gpulling manifest [K
pulling 2049f5674b1e:   4% ▕                  ▏ 395 MB/9.0 GB  4.9 MB/s  29m13s[K[?25h[?2026l[?2026h[?25l[A[1Gpulling manifest [K
pulling 2049f5674b1e:   4% ▕                  ▏ 396 MB/9.0 GB  4.9 MB/s  29m26s[K[?25h[?2026l[?2026h[?25l[A[1Gpulling manifest [K
pulling 2049f5674b1e:   4% ▕                  ▏ 396 MB/9.0 GB  4.9 MB/s  29m26s[K[?25h[?2026l[?2026h[?25l[A[1Gpulling manifest [K
pulling 2049f5674b1e:   4% ▕                  ▏ 397 MB/9.0 GB  4.9 MB/s  29m26s[K[?25h[?2026l[?2026h[?25l[A[1Gpulling manifest [K
pulling 2049f5674b1e:   4% ▕                  ▏ 397 MB/9.0 GB  4.9 MB/s  29m25s[K[?25h[?2026l[?2026h[?25l[A[1Gpulling manifest [K
pulling 2049f5674b1e:   4% ▕                  ▏ 398 MB/9.0 GB  4.9 MB/s  29m25s[K[?25h[?2026l[?2026h[?25l[A[1Gpulling manifest [K
pulling 2049f5674b1e:   4% ▕                  ▏ 398 MB/9.0 GB  4.9 MB/s  29m25s[K[?25h[?2026l[?2026h[?25l[A[1Gpulling manifest [K
pulling 2049f5674b1e:   4% ▕                  ▏ 399 MB/9.0 GB  4.9 MB/s  29m25s[K[?25h[?2026l[?2026h[?25l[A[1Gpulling manifest [K
pulling 2049f5674b1e:   4% ▕                  ▏ 399 MB/9.0 GB  4.9 MB/s  29m25s[K[?25h[?2026l[?2026h[?25l[A[1Gpulling manifest [K
pulling 2049f5674b1e:   4% ▕                  ▏ 399 MB/9.0 GB  4.9 MB/s  29m25s[K[?25h[?2026l[?2026h[?25l[A[1Gpulling manifest [K
pulling 2049f5674b1e:   4% ▕                  ▏ 400 MB/9.0 GB  4.9 MB/s  29m25s[K[?25h[?2026l[?2026h[?25l[A[1Gpulling manifest [K
pulling 2049f5674b1e:   4% ▕                  ▏ 401 MB/9.0 GB  4.8 MB/s  29m33s[K[?25h[?2026l[?2026h[?25l[A[1Gpulling manifest [K
pulling 2049f5674b1e:   4% ▕                  ▏ 401 MB/9.0 GB  4.8 MB/s  29m33s[K[?25h[?2026l[?2026h[?25l[A[1Gpulling manifest [K
pulling 2049f5674b1e:   4% ▕                  ▏ 401 MB/9.0 GB  4.8 MB/s  29m33s[K[?25h[?2026l[?2026h[?25l[A[1Gpulling manifest [K
pulling 2049f5674b1e:   4% ▕                  ▏ 402 MB/9.0 GB  4.8 MB/s  29m33s[K[?25h[?2026l[?2026h[?25l[A[1Gpulling manifest [K
pulling 2049f5674b1e:   4% ▕                  ▏ 402 MB/9.0 GB  4.8 MB/s  29m33s[K[?25h[?2026l[?2026h[?25l[A[1Gpulling manifest [K
pulling 2049f5674b1e:   4% ▕                  ▏ 403 MB/9.0 GB  4.8 MB/s  29m32s[K[?25h[?2026l[?2026h[?25l[A[1Gpulling manifest [K
pulling 2049f5674b1e:   4% ▕                  ▏ 403 MB/9.0 GB  4.8 MB/s  29m32s[K[?25h[?2026l[?2026h[?25l[A[1Gpulling manifest [K
pulling 2049f5674b1e:   4% ▕                  ▏ 404 MB/9.0 GB  4.8 MB/s  29m32s[K[?25h[?2026l[?2026h[?25l[A[1Gpulling manifest [K
pulling 2049f5674b1e:   5% ▕                  ▏ 404 MB/9.0 GB  4.8 MB/s  29m32s[K[?25h[?2026l[?2026h[?25l[A[1Gpulling manifest [K
pulling 2049f5674b1e:   5% ▕                  ▏ 405 MB/9.0 GB  4.8 MB/s  29m32s[K[?25h[?2026l[?2026h[?25l[A[1Gpulling manifest [K
pulling 2049f5674b1e:   5% ▕                  ▏ 405 MB/9.0 GB  4.8 MB/s  29m33s[K[?25h[?2026l[?2026h[?25l[A[1Gpulling manifest [K
pulling 2049f5674b1e:   5% ▕                  ▏ 406 MB/9.0 GB  4.8 MB/s  29m33s[K[?25h[?2026l[?2026h[?25l[A[1Gpulling manifest [K
pulling 2049f5674b1e:   5% ▕                  ▏ 406 MB/9.0 GB  4.8 MB/s  29m33s[K[?25h[?2026l[?2026h[?25l[A[1Gpulling manifest [K
pulling 2049f5674b1e:   5% ▕                  ▏ 406 MB/9.0 GB  4.8 MB/s  29m33s[K[?25h[?2026l[?2026h[?25l[A[1Gpulling manifest [K
pulling 2049f5674b1e:   5% ▕                  ▏ 407 MB/9.0 GB  4.8 MB/s  29m33s[K[?25h[?2026l[?2026h[?25l[A[1Gpulling manifest [K
pulling 2049f5674b1e:   5% ▕                  ▏ 408 MB/9.0 GB  4.8 MB/s  29m32s[K[?25h[?2026l[?2026h[?25l[A[1Gpulling manifest [K
pulling 2049f5674b1e:   5% ▕                  ▏ 408 MB/9.0 GB  4.8 MB/s  29m32s[K[?25h[?2026l[?2026h[?25l[A[1Gpulling manifest [K
pulling 2049f5674b1e:   5% ▕                  ▏ 409 MB/9.0 GB  4.8 MB/s  29m32s[K[?25h[?2026l[?2026h[?25l[A[1Gpulling manifest [K
pulling 2049f5674b1e:   5% ▕                  ▏ 409 MB/9.0 GB  4.8 MB/s  29m32s[K[?25h[?2026l[?2026h[?25l[A[1Gpulling manifest [K
pulling 2049f5674b1e:   5% ▕                  ▏ 409 MB/9.0 GB  4.8 MB/s  29m32s[K[?25h[?2026l[?2026h[?25l[A[1Gpulling manifest [K
pulling 2049f5674b1e:   5% ▕                  ▏ 407 MB/9.0 GB  4.5 MB/s  31m52s[K[?25h[?2026l[?2026h[?25l[A[1Gpulling manifest [K
pulling 2049f5674b1e:   5% ▕                  ▏ 407 MB/9.0 GB  4.5 MB/s  31m51s[K[?25h[?2026l[?2026h[?25l[A[1Gpulling manifest [K
pulling 2049f5674b1e:   5% ▕                  ▏ 408 MB/9.0 GB  4.5 MB/s  31m51s[K[?25h[?2026l[?2026h[?25l[A[1Gpulling manifest [K
pulling 2049f5674b1e:   5% ▕                  ▏ 408 MB/9.0 GB  4.5 MB/s  31m51s[K[?25h[?2026l[?2026h[?25l[A[1Gpulling manifest [K
pulling 2049f5674b1e:   5% ▕                  ▏ 409 MB/9.0 GB  4.5 MB/s  31m51s[K[?25h[?2026l[?2026h[?25l[A[1Gpulling manifest [K
pulling 2049f5674b1e:   5% ▕                  ▏ 409 MB/9.0 GB  4.5 MB/s  31m51s[K[?25h[?2026l[?2026h[?25l[A[1Gpulling manifest [K
pulling 2049f5674b1e:   5% ▕                  ▏ 410 MB/9.0 GB  4.5 MB/s  31m51s[K[?25h[?2026l[?2026h[?25l[A[1Gpulling manifest [K
pulling 2049f5674b1e:   5% ▕                  ▏ 410 MB/9.0 GB  4.5 MB/s  31m51s[K[?25h[?2026l[?2026h[?25l[A[1Gpulling manifest [K
pulling 2049f5674b1e:   5% ▕                  ▏ 410 MB/9.0 GB  4.5 MB/s  31m51s[K[?25h[?2026l[?2026h[?25l[A[1Gpulling manifest [K
pulling 2049f5674b1e:   5% ▕                  ▏ 411 MB/9.0 GB  4.5 MB/s  31m51s[K[?25h[?2026l[?2026h[?25l[A[1Gpulling manifest [K
pulling 2049f5674b1e:   5% ▕                  ▏ 411 MB/9.0 GB  4.5 MB/s  31m50s[K[?25h[?2026l[?2026h[?25l[A[1Gpulling manifest [K
pulling 2049f5674b1e:   5% ▕                  ▏ 412 MB/9.0 GB  4.5 MB/s  31m50s[K[?25h[?2026l[?2026h[?25l[A[1Gpulling manifest [K
pulling 2049f5674b1e:   5% ▕                  ▏ 412 MB/9.0 GB  4.5 MB/s  31m50s[K[?25h[?2026l[?2026h[?25l[A[1Gpulling manifest [K
pulling 2049f5674b1e:   5% ▕                  ▏ 413 MB/9.0 GB  4.5 MB/s  31m49s[K[?25h[?2026l[?2026h[?25l[A[1Gpulling manifest [K
pulling 2049f5674b1e:   5% ▕                  ▏ 413 MB/9.0 GB  4.5 MB/s  31m49s[K[?25h[?2026l[?2026h[?25l[A[1Gpulling manifest [K
pulling 2049f5674b1e:   5% ▕                  ▏ 414 MB/9.0 GB  4.5 MB/s  31m49s[K[?25h[?2026l[?2026h[?25l[A[1Gpulling manifest [K
pulling 2049f5674b1e:   5% ▕                  ▏ 414 MB/9.0 GB  4.5 MB/s  31m49s[K[?25h[?2026l[?2026h[?25l[A[1Gpulling manifest [K
pulling 2049f5674b1e:   5% ▕                  ▏ 415 MB/9.0 GB  4.5 MB/s  31m49s[K[?25h[?2026l[?2026h[?25l[A[1Gpulling manifest [K
pulling 2049f5674b1e:   5% ▕                  ▏ 415 MB/9.0 GB  4.5 MB/s  31m49s[K[?25h[?2026l[?2026h[?25l[A[1Gpulling manifest [K
pulling 2049f5674b1e:   5% ▕                  ▏ 416 MB/9.0 GB  4.5 MB/s  31m49s[K[?25h[?2026l[?2026h[?25l[A[1Gpulling manifest [K
pulling 2049f5674b1e:   5% ▕                  ▏ 416 MB/9.0 GB  4.5 MB/s  31m49s[K[?25h[?2026l[?2026h[?25l[A[1Gpulling manifest [K
pulling 2049f5674b1e:   5% ▕                  ▏ 416 MB/9.0 GB  4.5 MB/s  31m59s[K[?25h[?2026l[?2026h[?25l[A[1Gpulling manifest [K
pulling 2049f5674b1e:   5% ▕                  ▏ 417 MB/9.0 GB  4.5 MB/s  31m59s[K[?25h[?2026l[?2026h[?25l[A[1Gpulling manifest [K
pulling 2049f5674b1e:   5% ▕                  ▏ 417 MB/9.0 GB  4.5 MB/s  31m59s[K[?25h[?2026l[?2026h[?25l[A[1Gpulling manifest [K
pulling 2049f5674b1e:   5% ▕                  ▏ 418 MB/9.0 GB  4.5 MB/s  31m58s[K[?25h[?2026l[?2026h[?25l[A[1Gpulling manifest [K
pulling 2049f5674b1e:   5% ▕                  ▏ 418 MB/9.0 GB  4.5 MB/s  31m58s[K[?25h[?2026l[?2026h[?25l[A[1Gpulling manifest [K
pulling 2049f5674b1e:   5% ▕                  ▏ 419 MB/9.0 GB  4.5 MB/s  31m58s[K[?25h[?2026l[?2026h[?25l[A[1Gpulling manifest [K
pulling 2049f5674b1e:   5% ▕                  ▏ 419 MB/9.0 GB  4.5 MB/s  31m58s[K[?25h[?2026l[?2026h[?25l[A[1Gpulling manifest [K
pulling 2049f5674b1e:   5% ▕                  ▏ 420 MB/9.0 GB  4.5 MB/s  31m58s[K[?25h[?2026l[?2026h[?25l[A[1Gpulling manifest [K
pulling 2049f5674b1e:   5% ▕                  ▏ 420 MB/9.0 GB  4.5 MB/s  31m58s[K[?25h[?2026l[?2026h[?25l[A[1Gpulling manifest [K
pulling 2049f5674b1e:   5% ▕                  ▏ 421 MB/9.0 GB  4.5 MB/s  31m58s[K[?25h[?2026l[?2026h[?25l[A[1Gpulling manifest [K
pulling 2049f5674b1e:   5% ▕                  ▏ 421 MB/9.0 GB  4.4 MB/s  32m11s[K[?25h[?2026l[?2026h[?25l[A[1Gpulling manifest [K
pulling 2049f5674b1e:   5% ▕                  ▏ 422 MB/9.0 GB  4.4 MB/s  32m11s[K[?25h[?2026l[?2026h[?25l[A[1Gpulling manifest [K
pulling 2049f5674b1e:   5% ▕                  ▏ 422 MB/9.0 GB  4.4 MB/s  32m11s[K[?25h[?2026l[?2026h[?25l[A[1Gpulling manifest [K
pulling 2049f5674b1e:   5% ▕                  ▏ 423 MB/9.0 GB  4.4 MB/s  32m11s[K[?25h[?2026l[?2026h[?25l[A[1Gpulling manifest [K
pulling 2049f5674b1e:   5% ▕                  ▏ 423 MB/9.0 GB  4.4 MB/s  32m10s[K[?25h[?2026l[?2026h[?25l[A[1Gpulling manifest [K
pulling 2049f5674b1e:   5% ▕                  ▏ 424 MB/9.0 GB  4.4 MB/s  32m10s[K[?25h[?2026l[?2026h[?25l[A[1Gpulling manifest [K
pulling 2049f5674b1e:   5% ▕                  ▏ 424 MB/9.0 GB  4.4 MB/s  32m10s[K[?25h[?2026l[?2026h[?25l[A[1Gpulling manifest [K
pulling 2049f5674b1e:   5% ▕                  ▏ 424 MB/9.0 GB  4.4 MB/s  32m10s[K[?25h[?2026l[?2026h[?25l[A[1Gpulling manifest [K
pulling 2049f5674b1e:   5% ▕                  ▏ 425 MB/9.0 GB  4.4 MB/s  32m10s[K[?25h[?2026l[?2026h[?25l[A[1Gpulling manifest [K
pulling 2049f5674b1e:   5% ▕                  ▏ 425 MB/9.0 GB  4.4 MB/s  32m10s[K[?25h[?2026l[?2026h[?25l[A[1Gpulling manifest [K
pulling 2049f5674b1e:   5% ▕                  ▏ 426 MB/9.0 GB  4.4 MB/s  32m13s[K[?25h[?2026l[?2026h[?25l[A[1Gpulling manifest [K
pulling 2049f5674b1e:   5% ▕                  ▏ 426 MB/9.0 GB  4.4 MB/s  32m13s[K[?25h[?2026l[?2026h[?25l[A[1Gpulling manifest [K
pulling 2049f5674b1e:   5% ▕                  ▏ 427 MB/9.0 GB  4.4 MB/s  32m13s[K[?25h[?2026l[?2026h[?25l[A[1Gpulling manifest [K
pulling 2049f5674b1e:   5% ▕                  ▏ 427 MB/9.0 GB  4.4 MB/s  32m13s[K[?25h[?2026l[?2026h[?25l[A[1Gpulling manifest [K
pulling 2049f5674b1e:   5% ▕                  ▏ 428 MB/9.0 GB  4.4 MB/s  32m13s[K[?25h[?2026l[?2026h[?25l[A[1Gpulling manifest [K
pulling 2049f5674b1e:   5% ▕                  ▏ 428 MB/9.0 GB  4.4 MB/s  32m13s[K[?25h[?2026l[?2026h[?25l[A[1Gpulling manifest [K
pulling 2049f5674b1e:   5% ▕                  ▏ 429 MB/9.0 GB  4.4 MB/s  32m13s[K[?25h[?2026l[?2026h[?25l[A[1Gpulling manifest [K
pulling 2049f5674b1e:   5% ▕                  ▏ 429 MB/9.0 GB  4.4 MB/s  32m13s[K[?25h[?2026l[?2026h[?25l[A[1Gpulling manifest [K
pulling 2049f5674b1e:   5% ▕                  ▏ 430 MB/9.0 GB  4.4 MB/s  32m13s[K[?25h[?2026l[?2026h[?25l[A[1Gpulling manifest [K
pulling 2049f5674b1e:   5% ▕                  ▏ 430 MB/9.0 GB  4.4 MB/s  32m12s[K[?25h[?2026l[?2026h[?25l[A[1Gpulling manifest [K
pulling 2049f5674b1e:   5% ▕                  ▏ 431 MB/9.0 GB  4.4 MB/s  32m18s[K[?25h[?2026l[?2026h[?25l[A[1Gpulling manifest [K
pulling 2049f5674b1e:   5% ▕                  ▏ 431 MB/9.0 GB  4.4 MB/s  32m17s[K[?25h[?2026l[?2026h[?25l[A[1Gpulling manifest [K
pulling 2049f5674b1e:   5% ▕                  ▏ 431 MB/9.0 GB  4.4 MB/s  32m17s[K[?25h[?2026l[?2026h[?25l[A[1Gpulling manifest [K
pulling 2049f5674b1e:   5% ▕                  ▏ 432 MB/9.0 GB  4.4 MB/s  32m17s[K[?25h[?2026l[?2026h[?25l[A[1Gpulling manifest [K
pulling 2049f5674b1e:   5% ▕                  ▏ 433 MB/9.0 GB  4.4 MB/s  32m17s[K[?25h[?2026l[?2026h[?25l[A[1Gpulling manifest [K
pulling 2049f5674b1e:   5% ▕                  ▏ 433 MB/9.0 GB  4.4 MB/s  32m17s[K[?25h[?2026l[?2026h[?25l[A[1Gpulling manifest [K
pulling 2049f5674b1e:   5% ▕                  ▏ 433 MB/9.0 GB  4.4 MB/s  32m17s[K[?25h[?2026l[?2026h[?25l[A[1Gpulling manifest [K
pulling 2049f5674b1e:   5% ▕                  ▏ 434 MB/9.0 GB  4.4 MB/s  32m17s[K[?25h[?2026l[?2026h[?25l[A[1Gpulling manifest [K
pulling 2049f5674b1e:   5% ▕                  ▏ 434 MB/9.0 GB  4.4 MB/s  32m17s[K[?25h[?2026l[?2026h[?25l[A[1Gpulling manifest [K
pulling 2049f5674b1e:   5% ▕                  ▏ 435 MB/9.0 GB  4.4 MB/s  32m17s[K[?25h[?2026l[?2026h[?25l[A[1Gpulling manifest [K
pulling 2049f5674b1e:   5% ▕                  ▏ 435 MB/9.0 GB  4.4 MB/s  32m13s[K[?25h[?2026l[?2026h[?25l[A[1Gpulling manifest [K
pulling 2049f5674b1e:   5% ▕                  ▏ 436 MB/9.0 GB  4.4 MB/s  32m13s[K[?25h[?2026l[?2026h[?25l[A[1Gpulling manifest [K
pulling 2049f5674b1e:   5% ▕                  ▏ 436 MB/9.0 GB  4.4 MB/s  32m13s[K[?25h[?2026l[?2026h[?25l[A[1Gpulling manifest [K
pulling 2049f5674b1e:   5% ▕                  ▏ 437 MB/9.0 GB  4.4 MB/s  32m13s[K[?25h[?2026l[?2026h[?25l[A[1Gpulling manifest [K
pulling 2049f5674b1e:   5% ▕                  ▏ 437 MB/9.0 GB  4.4 MB/s  32m13s[K[?25h[?2026l[?2026h[?25l[A[1Gpulling manifest [K
pulling 2049f5674b1e:   5% ▕                  ▏ 438 MB/9.0 GB  4.4 MB/s  32m13s[K[?25h[?2026l[?2026h[?25l[A[1Gpulling manifest [K
pulling 2049f5674b1e:   5% ▕                  ▏ 438 MB/9.0 GB  4.4 MB/s  32m13s[K[?25h[?2026l[?2026h[?25l[A[1Gpulling manifest [K
pulling 2049f5674b1e:   5% ▕                  ▏ 438 MB/9.0 GB  4.4 MB/s  32m13s[K[?25h[?2026l[?2026h[?25l[A[1Gpulling manifest [K
pulling 2049f5674b1e:   5% ▕                  ▏ 439 MB/9.0 GB  4.4 MB/s  32m13s[K[?25h[?2026l[?2026h[?25l[A[1Gpulling manifest [K
pulling 2049f5674b1e:   5% ▕                  ▏ 440 MB/9.0 GB  4.4 MB/s  32m12s[K[?25h[?2026l[?2026h[?25l[A[1Gpulling manifest [K
pulling 2049f5674b1e:   5% ▕                  ▏ 440 MB/9.0 GB  4.4 MB/s  32m12s[K[?25h[?2026l[?2026h[?25l[A[1Gpulling manifest [K
pulling 2049f5674b1e:   5% ▕                  ▏ 441 MB/9.0 GB  4.4 MB/s   32m3s[K[?25h[?2026l[?2026h[?25l[A[1Gpulling manifest [K
pulling 2049f5674b1e:   5% ▕                  ▏ 441 MB/9.0 GB  4.4 MB/s   32m2s[K[?25h[?2026l[?2026h[?25l[A[1Gpulling manifest [K
pulling 2049f5674b1e:   5% ▕                  ▏ 441 MB/9.0 GB  4.4 MB/s   32m2s[K[?25h[?2026l[?2026h[?25l[A[1Gpulling manifest [K
pulling 2049f5674b1e:   5% ▕                  ▏ 442 MB/9.0 GB  4.4 MB/s   32m2s[K[?25h[?2026l[?2026h[?25l[A[1Gpulling manifest [K
pulling 2049f5674b1e:   5% ▕                  ▏ 443 MB/9.0 GB  4.4 MB/s   32m2s[K[?25h[?2026l[?2026h[?25l[A[1Gpulling manifest [K
pulling 2049f5674b1e:   5% ▕                  ▏ 443 MB/9.0 GB  4.4 MB/s   32m2s[K[?25h[?2026l[?2026h[?25l[A[1Gpulling manifest [K
pulling 2049f5674b1e:   5% ▕                  ▏ 444 MB/9.0 GB  4.4 MB/s   32m2s[K[?25h[?2026l[?2026h[?25l[A[1Gpulling manifest [K
pulling 2049f5674b1e:   5% ▕                  ▏ 444 MB/9.0 GB  4.4 MB/s   32m2s[K[?25h[?2026l[?2026h[?25l[A[1Gpulling manifest [K
pulling 2049f5674b1e:   5% ▕                  ▏ 444 MB/9.0 GB  4.4 MB/s   32m2s[K[?25h[?2026l[?2026h[?25l[A[1Gpulling manifest [K
pulling 2049f5674b1e:   5% ▕                  ▏ 445 MB/9.0 GB  4.4 MB/s   32m2s[K[?25h[?2026l[?2026h[?25l[A[1Gpulling manifest [K
pulling 2049f5674b1e:   5% ▕                  ▏ 445 MB/9.0 GB  4.5 MB/s  31m53s[K[?25h[?2026l[?2026h[?25l[A[1Gpulling manifest [K
pulling 2049f5674b1e:   5% ▕                  ▏ 446 MB/9.0 GB  4.5 MB/s  31m53s[K[?25h[?2026l[?2026h[?25l[A[1Gpulling manifest [K
pulling 2049f5674b1e:   5% ▕                  ▏ 446 MB/9.0 GB  4.5 MB/s  31m53s[K[?25h[?2026l[?2026h[?25l[A[1Gpulling manifest [K
pulling 2049f5674b1e:   5% ▕                  ▏ 447 MB/9.0 GB  4.5 MB/s  31m53s[K[?25h[?2026l[?2026h[?25l[A[1Gpulling manifest [K
pulling 2049f5674b1e:   5% ▕                  ▏ 447 MB/9.0 GB  4.5 MB/s  31m53s[K[?25h[?2026l[?2026h[?25l[A[1Gpulling manifest [K
pulling 2049f5674b1e:   5% ▕                  ▏ 448 MB/9.0 GB  4.5 MB/s  31m53s[K[?25h[?2026l[?2026h[?25l[A[1Gpulling manifest [K
pulling 2049f5674b1e:   5% ▕                  ▏ 449 MB/9.0 GB  4.5 MB/s  31m53s[K[?25h[?2026l[?2026h[?25l[A[1Gpulling manifest [K
pulling 2049f5674b1e:   5% ▕                  ▏ 449 MB/9.0 GB  4.5 MB/s  31m53s[K[?25h[?2026l[?2026h[?25l[A[1Gpulling manifest [K
pulling 2049f5674b1e:   5% ▕                  ▏ 449 MB/9.0 GB  4.5 MB/s  31m53s[K[?25h[?2026l[?2026h[?25l[A[1Gpulling manifest [K
pulling 2049f5674b1e:   5% ▕                  ▏ 450 MB/9.0 GB  4.5 MB/s  31m52s[K[?25h[?2026l[?2026h[?25l[A[1Gpulling manifest [K
pulling 2049f5674b1e:   5% ▕                  ▏ 450 MB/9.0 GB  4.8 MB/s  29m23s[K[?25h[?2026l[?2026h[?25l[A[1Gpulling manifest [K
pulling 2049f5674b1e:   5% ▕                  ▏ 451 MB/9.0 GB  4.8 MB/s  29m23s[K[?25h[?2026l[?2026h[?25l[A[1Gpulling manifest [K
pulling 2049f5674b1e:   5% ▕                  ▏ 451 MB/9.0 GB  4.8 MB/s  29m23s[K[?25h[?2026l[?2026h[?25l[A[1Gpulling manifest [K
pulling 2049f5674b1e:   5% ▕                  ▏ 452 MB/9.0 GB  4.8 MB/s  29m23s[K[?25h[?2026l[?2026h[?25l[A[1Gpulling manifest [K
pulling 2049f5674b1e:   5% ▕                  ▏ 452 MB/9.0 GB  4.8 MB/s  29m23s[K[?25h[?2026l[?2026h[?25l[A[1Gpulling manifest [K
pulling 2049f5674b1e:   5% ▕                  ▏ 453 MB/9.0 GB  4.8 MB/s  29m23s[K[?25h[?2026l[?2026h[?25l[A[1Gpulling manifest [K
pulling 2049f5674b1e:   5% ▕                  ▏ 453 MB/9.0 GB  4.8 MB/s  29m23s[K[?25h[?2026l[?2026h[?25l[A[1Gpulling manifest [K
pulling 2049f5674b1e:   5% ▕                  ▏ 454 MB/9.0 GB  4.8 MB/s  29m23s[K[?25h[?2026l[?2026h[?25l[A[1Gpulling manifest [K
pulling 2049f5674b1e:   5% ▕                  ▏ 454 MB/9.0 GB  4.8 MB/s  29m23s[K[?25h[?2026l[?2026h[?25l[A[1Gpulling manifest [K
pulling 2049f5674b1e:   5% ▕                  ▏ 455 MB/9.0 GB  4.8 MB/s  29m23s[K[?25h[?2026l[?2026h[?25l[A[1Gpulling manifest [K
pulling 2049f5674b1e:   5% ▕                  ▏ 455 MB/9.0 GB  4.9 MB/s  29m13s[K[?25h[?2026l[?2026h[?25l[A[1Gpulling manifest [K
pulling 2049f5674b1e:   5% ▕                  ▏ 456 MB/9.0 GB  4.9 MB/s  29m13s[K[?25h[?2026l[?2026h[?25l[A[1Gpulling manifest [K
pulling 2049f5674b1e:   5% ▕                  ▏ 456 MB/9.0 GB  4.9 MB/s  29m13s[K[?25h[?2026l[?2026h[?25l[A[1Gpulling manifest [K
pulling 2049f5674b1e:   5% ▕                  ▏ 457 MB/9.0 GB  4.9 MB/s  29m13s[K[?25h[?2026l[?2026h[?25l[A[1Gpulling manifest [K
pulling 2049f5674b1e:   5% ▕                  ▏ 457 MB/9.0 GB  4.9 MB/s  29m12s[K[?25h[?2026l[?2026h[?25l[A[1Gpulling manifest [K
pulling 2049f5674b1e:   5% ▕                  ▏ 457 MB/9.0 GB  4.9 MB/s  29m12s[K[?25h[?2026l[?2026h[?25l[A[1Gpulling manifest [K
pulling 2049f5674b1e:   5% ▕                  ▏ 458 MB/9.0 GB  4.9 MB/s  29m12s[K[?25h[?2026l[?2026h[?25l[A[1Gpulling manifest [K
pulling 2049f5674b1e:   5% ▕                  ▏ 459 MB/9.0 GB  4.9 MB/s  29m12s[K[?25h[?2026l[?2026h[?25l[A[1Gpulling manifest [K
pulling 2049f5674b1e:   5% ▕                  ▏ 459 MB/9.0 GB  4.9 MB/s  29m12s[K[?25h[?2026l[?2026h[?25l[A[1Gpulling manifest [K
pulling 2049f5674b1e:   5% ▕                  ▏ 459 MB/9.0 GB  4.9 MB/s  29m12s[K[?25h[?2026l[?2026h[?25l[A[1Gpulling manifest [K
pulling 2049f5674b1e:   5% ▕                  ▏ 460 MB/9.0 GB  4.9 MB/s  29m10s[K[?25h[?2026l[?2026h[?25l[A[1Gpulling manifest [K
pulling 2049f5674b1e:   5% ▕                  ▏ 460 MB/9.0 GB  4.9 MB/s  29m10s[K[?25h[?2026l[?2026h[?25l[A[1Gpulling manifest [K
pulling 2049f5674b1e:   5% ▕                  ▏ 461 MB/9.0 GB  4.9 MB/s  29m10s[K[?25h[?2026l[?2026h[?25l[A[1Gpulling manifest [K
pulling 2049f5674b1e:   5% ▕                  ▏ 461 MB/9.0 GB  4.9 MB/s  29m10s[K[?25h[?2026l[?2026h[?25l[A[1Gpulling manifest [K
pulling 2049f5674b1e:   5% ▕                  ▏ 462 MB/9.0 GB  4.9 MB/s  29m10s[K[?25h[?2026l[?2026h[?25l[A[1Gpulling manifest [K
pulling 2049f5674b1e:   5% ▕                  ▏ 462 MB/9.0 GB  4.9 MB/s   29m9s[K[?25h[?2026l[?2026h[?25l[A[1Gpulling manifest [K
pulling 2049f5674b1e:   5% ▕                  ▏ 463 MB/9.0 GB  4.9 MB/s   29m9s[K[?25h[?2026l[?2026h[?25l[A[1Gpulling manifest [K
pulling 2049f5674b1e:   5% ▕                  ▏ 463 MB/9.0 GB  4.9 MB/s   29m9s[K[?25h[?2026l[?2026h[?25l[A[1Gpulling manifest [K
pulling 2049f5674b1e:   5% ▕                  ▏ 464 MB/9.0 GB  4.9 MB/s   29m9s[K[?25h[?2026l[?2026h[?25l[A[1Gpulling manifest [K
pulling 2049f5674b1e:   5% ▕                  ▏ 464 MB/9.0 GB  4.9 MB/s   29m9s[K[?25h[?2026l[?2026h[?25l[A[1Gpulling manifest [K
pulling 2049f5674b1e:   5% ▕                  ▏ 465 MB/9.0 GB  4.9 MB/s   29m9s[K[?25h[?2026l[?2026h[?25l[A[1Gpulling manifest [K
pulling 2049f5674b1e:   5% ▕                  ▏ 465 MB/9.0 GB  4.9 MB/s   29m7s[K[?25h[?2026l[?2026h[?25l[A[1Gpulling manifest [K
pulling 2049f5674b1e:   5% ▕                  ▏ 466 MB/9.0 GB  4.9 MB/s   29m7s[K[?25h[?2026l[?2026h[?25l[A[1Gpulling manifest [K
pulling 2049f5674b1e:   5% ▕                  ▏ 466 MB/9.0 GB  4.9 MB/s   29m7s[K[?25h[?2026l[?2026h[?25l[A[1Gpulling manifest [K
pulling 2049f5674b1e:   5% ▕                  ▏ 466 MB/9.0 GB  4.9 MB/s   29m7s[K[?25h[?2026l[?2026h[?25l[A[1Gpulling manifest [K
pulling 2049f5674b1e:   5% ▕                  ▏ 467 MB/9.0 GB  4.9 MB/s   29m7s[K[?25h[?2026l[?2026h[?25l[A[1Gpulling manifest [K
pulling 2049f5674b1e:   5% ▕                  ▏ 467 MB/9.0 GB  4.9 MB/s   29m6s[K[?25h[?2026l[?2026h[?25l[A[1Gpulling manifest [K
pulling 2049f5674b1e:   5% ▕                  ▏ 468 MB/9.0 GB  4.9 MB/s   29m6s[K[?25h[?2026l[?2026h[?25l[A[1Gpulling manifest [K
pulling 2049f5674b1e:   5% ▕                  ▏ 469 MB/9.0 GB  4.9 MB/s   29m6s[K[?25h[?2026l[?2026h[?25l[A[1Gpulling manifest [K
pulling 2049f5674b1e:   5% ▕                  ▏ 469 MB/9.0 GB  4.9 MB/s   29m6s[K[?25h[?2026l[?2026h[?25l[A[1Gpulling manifest [K
pulling 2049f5674b1e:   5% ▕                  ▏ 469 MB/9.0 GB  4.9 MB/s   29m6s[K[?25h[?2026l[?2026h[?25l[A[1Gpulling manifest [K
pulling 2049f5674b1e:   5% ▕                  ▏ 470 MB/9.0 GB  4.9 MB/s   29m5s[K[?25h[?2026l[?2026h[?25l[A[1Gpulling manifest [K
pulling 2049f5674b1e:   5% ▕                  ▏ 470 MB/9.0 GB  4.9 MB/s   29m5s[K[?25h[?2026l[?2026h[?25l[A[1Gpulling manifest [K
pulling 2049f5674b1e:   5% ▕                  ▏ 471 MB/9.0 GB  4.9 MB/s   29m5s[K[?25h[?2026l[?2026h[?25l[A[1Gpulling manifest [K
pulling 2049f5674b1e:   5% ▕                  ▏ 472 MB/9.0 GB  4.9 MB/s   29m5s[K[?25h[?2026l[?2026h[?25l[A[1Gpulling manifest [K
pulling 2049f5674b1e:   5% ▕                  ▏ 472 MB/9.0 GB  4.9 MB/s   29m5s[K[?25h[?2026l[?2026h[?25l[A[1Gpulling manifest [K
pulling 2049f5674b1e:   5% ▕                  ▏ 472 MB/9.0 GB  4.9 MB/s   29m4s[K[?25h[?2026l[?2026h[?25l[A[1Gpulling manifest [K
pulling 2049f5674b1e:   5% ▕                  ▏ 473 MB/9.0 GB  4.9 MB/s   29m4s[K[?25h[?2026l[?2026h[?25l[A[1Gpulling manifest [K
pulling 2049f5674b1e:   5% ▕                  ▏ 473 MB/9.0 GB  4.9 MB/s   29m4s[K[?25h[?2026l[?2026h[?25l[A[1Gpulling manifest [K
pulling 2049f5674b1e:   5% ▕                  ▏ 474 MB/9.0 GB  4.9 MB/s   29m4s[K[?25h[?2026l[?2026h[?25l[A[1Gpulling manifest [K
pulling 2049f5674b1e:   5% ▕                  ▏ 474 MB/9.0 GB  4.9 MB/s   29m4s[K[?25h[?2026l[?2026h[?25l[A[1Gpulling manifest [K
pulling 2049f5674b1e:   5% ▕                  ▏ 475 MB/9.0 GB  4.9 MB/s  28m57s[K[?25h[?2026l[?2026h[?25l[A[1Gpulling manifest [K
pulling 2049f5674b1e:   5% ▕                  ▏ 475 MB/9.0 GB  4.9 MB/s  28m56s[K[?25h[?2026l[?2026h[?25l[A[1Gpulling manifest [K
pulling 2049f5674b1e:   5% ▕                  ▏ 476 MB/9.0 GB  4.9 MB/s  28m56s[K[?25h[?2026l[?2026h[?25l[A[1Gpulling manifest [K
pulling 2049f5674b1e:   5% ▕                  ▏ 476 MB/9.0 GB  4.9 MB/s  28m56s[K[?25h[?2026l[?2026h[?25l[A[1Gpulling manifest [K
pulling 2049f5674b1e:   5% ▕                  ▏ 477 MB/9.0 GB  4.9 MB/s  28m56s[K[?25h[?2026l[?2026h[?25l[A[1Gpulling manifest [K
pulling 2049f5674b1e:   5% ▕                  ▏ 477 MB/9.0 GB  4.9 MB/s  28m56s[K[?25h[?2026l[?2026h[?25l[A[1Gpulling manifest [K
pulling 2049f5674b1e:   5% ▕                  ▏ 478 MB/9.0 GB  4.9 MB/s  28m56s[K[?25h[?2026l[?2026h[?25l[A[1Gpulling manifest [K
pulling 2049f5674b1e:   5% ▕                  ▏ 478 MB/9.0 GB  4.9 MB/s  28m56s[K[?25h[?2026l[?2026h[?25l[A[1Gpulling manifest [K
pulling 2049f5674b1e:   5% ▕                  ▏ 479 MB/9.0 GB  4.9 MB/s  28m56s[K[?25h[?2026l[?2026h[?25l[A[1Gpulling manifest [K
pulling 2049f5674b1e:   5% ▕                  ▏ 479 MB/9.0 GB  4.9 MB/s  28m56s[K[?25h[?2026l[?2026h[?25l[A[1Gpulling manifest [K
pulling 2049f5674b1e:   5% ▕                  ▏ 480 MB/9.0 GB  4.9 MB/s  28m47s[K[?25h[?2026l[?2026h[?25l[A[1Gpulling manifest [K
pulling 2049f5674b1e:   5% ▕                  ▏ 480 MB/9.0 GB  4.9 MB/s  28m47s[K[?25h[?2026l[?2026h[?25l[A[1Gpulling manifest [K
pulling 2049f5674b1e:   5% ▕                  ▏ 481 MB/9.0 GB  4.9 MB/s  28m47s[K[?25h[?2026l[?2026h[?25l[A[1Gpulling manifest [K
pulling 2049f5674b1e:   5% ▕                  ▏ 481 MB/9.0 GB  4.9 MB/s  28m47s[K[?25h[?2026l[?2026h[?25l[A[1Gpulling manifest [K
pulling 2049f5674b1e:   5% ▕                  ▏ 482 MB/9.0 GB  4.9 MB/s  28m47s[K[?25h[?2026l[?2026h[?25l[A[1Gpulling manifest [K
pulling 2049f5674b1e:   5% ▕                  ▏ 482 MB/9.0 GB  4.9 MB/s  28m46s[K[?25h[?2026l[?2026h[?25l[A[1Gpulling manifest [K
pulling 2049f5674b1e:   5% ▕                  ▏ 483 MB/9.0 GB  4.9 MB/s  28m46s[K[?25h[?2026l[?2026h[?25l[A[1Gpulling manifest [K
pulling 2049f5674b1e:   5% ▕                  ▏ 483 MB/9.0 GB  4.9 MB/s  28m46s[K[?25h[?2026l[?2026h[?25l[A[1Gpulling manifest [K
pulling 2049f5674b1e:   5% ▕                  ▏ 483 MB/9.0 GB  4.9 MB/s  28m46s[K[?25h[?2026l[?2026h[?25l[A[1Gpulling manifest [K
pulling 2049f5674b1e:   5% ▕                  ▏ 484 MB/9.0 GB  4.9 MB/s  28m46s[K[?25h[?2026l[?2026h[?25l[A[1Gpulling manifest [K
pulling 2049f5674b1e:   5% ▕                  ▏ 485 MB/9.0 GB  4.9 MB/s  28m46s[K[?25h[?2026l[?2026h[?25l[A[1Gpulling manifest [K
pulling 2049f5674b1e:   5% ▕                  ▏ 485 MB/9.0 GB  4.9 MB/s  28m46s[K[?25h[?2026l[?2026h[?25l[A[1Gpulling manifest [K
pulling 2049f5674b1e:   5% ▕                  ▏ 485 MB/9.0 GB  4.9 MB/s  28m45s[K[?25h[?2026l[?2026h[?25l[A[1Gpulling manifest [K
pulling 2049f5674b1e:   5% ▕                  ▏ 486 MB/9.0 GB  4.9 MB/s  28m45s[K[?25h[?2026l[?2026h[?25l[A[1Gpulling manifest [K
pulling 2049f5674b1e:   5% ▕                  ▏ 486 MB/9.0 GB  4.9 MB/s  28m45s[K[?25h[?2026l[?2026h[?25l[A[1Gpulling manifest [K
pulling 2049f5674b1e:   5% ▕                  ▏ 487 MB/9.0 GB  4.9 MB/s  28m45s[K[?25h[?2026l[?2026h[?25l[A[1Gpulling manifest [K
pulling 2049f5674b1e:   5% ▕                  ▏ 488 MB/9.0 GB  4.9 MB/s  28m45s[K[?25h[?2026l[?2026h[?25l[A[1Gpulling manifest [K
pulling 2049f5674b1e:   5% ▕                  ▏ 488 MB/9.0 GB  4.9 MB/s  28m45s[K[?25h[?2026l[?2026h[?25l[A[1Gpulling manifest [K
pulling 2049f5674b1e:   5% ▕                  ▏ 488 MB/9.0 GB  4.9 MB/s  28m45s[K[?25h[?2026l[?2026h[?25l[A[1Gpulling manifest [K
pulling 2049f5674b1e:   5% ▕                  ▏ 489 MB/9.0 GB  4.9 MB/s  28m45s[K[?25h[?2026l[?2026h[?25l[A[1Gpulling manifest [K
pulling 2049f5674b1e:   5% ▕                  ▏ 489 MB/9.0 GB  4.9 MB/s  28m45s[K[?25h[?2026l[?2026h[?25l[A[1Gpulling manifest [K
pulling 2049f5674b1e:   5% ▕                  ▏ 490 MB/9.0 GB  4.9 MB/s  28m50s[K[?25h[?2026l[?2026h[?25l[A[1Gpulling manifest [K
pulling 2049f5674b1e:   5% ▕                  ▏ 490 MB/9.0 GB  4.9 MB/s  28m50s[K[?25h[?2026l[?2026h[?25l[A[1Gpulling manifest [K
pulling 2049f5674b1e:   5% ▕                  ▏ 491 MB/9.0 GB  4.9 MB/s  28m50s[K[?25h[?2026l[?2026h[?25l[A[1Gpulling manifest [K
pulling 2049f5674b1e:   5% ▕                  ▏ 491 MB/9.0 GB  4.9 MB/s  28m50s[K[?25h[?2026l[?2026h[?25l[A[1Gpulling manifest [K
pulling 2049f5674b1e:   5% ▕                  ▏ 492 MB/9.0 GB  4.9 MB/s  28m50s[K[?25h[?2026l[?2026h[?25l[A[1Gpulling manifest [K
pulling 2049f5674b1e:   5% ▕                  ▏ 492 MB/9.0 GB  4.9 MB/s  28m50s[K[?25h[?2026l[?2026h[?25l[A[1Gpulling manifest [K
pulling 2049f5674b1e:   5% ▕                  ▏ 493 MB/9.0 GB  4.9 MB/s  28m50s[K[?25h[?2026l[?2026h[?25l[A[1Gpulling manifest [K
pulling 2049f5674b1e:   5% ▕                  ▏ 493 MB/9.0 GB  4.9 MB/s  28m49s[K[?25h[?2026l[?2026h[?25l[A[1Gpulling manifest [K
pulling 2049f5674b1e:   5% ▕                  ▏ 493 MB/9.0 GB  4.9 MB/s  28m49s[K[?25h[?2026l[?2026h[?25l[A[1Gpulling manifest [K
pulling 2049f5674b1e:   6% ▕                  ▏ 494 MB/9.0 GB  4.9 MB/s  28m49s[K[?25h[?2026l[?2026h[?25l[A[1Gpulling manifest [K
pulling 2049f5674b1e:   6% ▕                  ▏ 494 MB/9.0 GB  4.9 MB/s  28m56s[K[?25h[?2026l[?2026h[?25l[A[1Gpulling manifest [K
pulling 2049f5674b1e:   6% ▕                  ▏ 495 MB/9.0 GB  4.9 MB/s  28m56s[K[?25h[?2026l[?2026h[?25l[A[1Gpulling manifest [K
pulling 2049f5674b1e:   6% ▕                  ▏ 495 MB/9.0 GB  4.9 MB/s  28m56s[K[?25h[?2026l[?2026h[?25l[A[1Gpulling manifest [K
pulling 2049f5674b1e:   6% ▕                  ▏ 496 MB/9.0 GB  4.9 MB/s  28m56s[K[?25h[?2026l[?2026h[?25l[A[1Gpulling manifest [K
pulling 2049f5674b1e:   6% ▕                  ▏ 496 MB/9.0 GB  4.9 MB/s  28m55s[K[?25h[?2026l[?2026h[?25l[A[1Gpulling manifest [K
pulling 2049f5674b1e:   6% ▕                  ▏ 497 MB/9.0 GB  4.9 MB/s  28m55s[K[?25h[?2026l[?2026h[?25l[A[1Gpulling manifest [K
pulling 2049f5674b1e:   6% ▕                  ▏ 497 MB/9.0 GB  4.9 MB/s  28m55s[K[?25h[?2026l[?2026h[?25l[A[1Gpulling manifest [K
pulling 2049f5674b1e:   6% ▕                  ▏ 498 MB/9.0 GB  4.9 MB/s  28m55s[K[?25h[?2026l[?2026h[?25l[A[1Gpulling manifest [K
pulling 2049f5674b1e:   6% ▕                  ▏ 498 MB/9.0 GB  4.9 MB/s  28m55s[K[?25h[?2026l[?2026h[?25l[A[1Gpulling manifest [K
pulling 2049f5674b1e:   6% ▕█                 ▏ 499 MB/9.0 GB  4.9 MB/s  28m55s[K[?25h[?2026l[?2026h[?25l[A[1Gpulling manifest [K
pulling 2049f5674b1e:   6% ▕█                 ▏ 499 MB/9.0 GB  4.9 MB/s  28m58s[K[?25h[?2026l[?2026h[?25l[A[1Gpulling manifest [K
pulling 2049f5674b1e:   6% ▕█                 ▏ 500 MB/9.0 GB  4.9 MB/s  28m58s[K[?25h[?2026l[?2026h[?25l[A[1Gpulling manifest [K
pulling 2049f5674b1e:   6% ▕█                 ▏ 500 MB/9.0 GB  4.9 MB/s  28m58s[K[?25h[?2026l[?2026h[?25l[A[1Gpulling manifest [K
pulling 2049f5674b1e:   6% ▕█                 ▏ 501 MB/9.0 GB  4.9 MB/s  28m58s[K[?25h[?2026l[?2026h[?25l[A[1Gpulling manifest [K
pulling 2049f5674b1e:   6% ▕█                 ▏ 501 MB/9.0 GB  4.9 MB/s  28m58s[K[?25h[?2026l[?2026h[?25l[A[1Gpulling manifest [K
pulling 2049f5674b1e:   6% ▕█                 ▏ 502 MB/9.0 GB  4.9 MB/s  28m58s[K[?25h[?2026l[?2026h[?25l[A[1Gpulling manifest [K
pulling 2049f5674b1e:   6% ▕█                 ▏ 502 MB/9.0 GB  4.9 MB/s  28m58s[K[?25h[?2026l[?2026h[?25l[A[1Gpulling manifest [K
pulling 2049f5674b1e:   6% ▕█                 ▏ 503 MB/9.0 GB  4.9 MB/s  28m57s[K[?25h[?2026l[?2026h[?25l[A[1Gpulling manifest [K
pulling 2049f5674b1e:   6% ▕█                 ▏ 503 MB/9.0 GB  4.9 MB/s  28m57s[K[?25h[?2026l[?2026h[?25l[A[1Gpulling manifest [K
pulling 2049f5674b1e:   6% ▕█                 ▏ 504 MB/9.0 GB  4.9 MB/s  28m57s[K[?25h[?2026l[?2026h[?25l[A[1Gpulling manifest [K
pulling 2049f5674b1e:   6% ▕█                 ▏ 504 MB/9.0 GB  4.9 MB/s  28m52s[K[?25h[?2026l[?2026h[?25l[A[1Gpulling manifest [K
pulling 2049f5674b1e:   6% ▕█                 ▏ 505 MB/9.0 GB  4.9 MB/s  28m52s[K[?25h[?2026l[?2026h[?25l[A[1Gpulling manifest [K
pulling 2049f5674b1e:   6% ▕█                 ▏ 505 MB/9.0 GB  4.9 MB/s  28m52s[K[?25h[?2026l[?2026h[?25l[A[1Gpulling manifest [K
pulling 2049f5674b1e:   6% ▕█                 ▏ 506 MB/9.0 GB  4.9 MB/s  28m51s[K[?25h[?2026l[?2026h[?25l[A[1Gpulling manifest [K
pulling 2049f5674b1e:   6% ▕█                 ▏ 506 MB/9.0 GB  4.9 MB/s  28m51s[K[?25h[?2026l[?2026h[?25l[A[1Gpulling manifest [K
pulling 2049f5674b1e:   6% ▕█                 ▏ 506 MB/9.0 GB  4.9 MB/s  28m51s[K[?25h[?2026l[?2026h[?25l[A[1Gpulling manifest [K
pulling 2049f5674b1e:   6% ▕█                 ▏ 507 MB/9.0 GB  4.9 MB/s  28m51s[K[?25h[?2026l[?2026h[?25l[A[1Gpulling manifest [K
pulling 2049f5674b1e:   6% ▕█                 ▏ 508 MB/9.0 GB  4.9 MB/s  28m51s[K[?25h[?2026l[?2026h[?25l[A[1Gpulling manifest [K
pulling 2049f5674b1e:   6% ▕█                 ▏ 508 MB/9.0 GB  4.9 MB/s  28m51s[K[?25h[?2026l[?2026h[?25l[A[1Gpulling manifest [K
pulling 2049f5674b1e:   6% ▕█                 ▏ 508 MB/9.0 GB  4.9 MB/s  28m51s[K[?25h[?2026l[?2026h[?25l[A[1Gpulling manifest [K
pulling 2049f5674b1e:   6% ▕█                 ▏ 509 MB/9.0 GB  4.9 MB/s  28m46s[K[?25h[?2026l[?2026h[?25l[A[1Gpulling manifest [K
pulling 2049f5674b1e:   6% ▕█                 ▏ 509 MB/9.0 GB  4.9 MB/s  28m46s[K[?25h[?2026l[?2026h[?25l[A[1Gpulling manifest [K
pulling 2049f5674b1e:   6% ▕█                 ▏ 510 MB/9.0 GB  4.9 MB/s  28m45s[K[?25h[?2026l[?2026h[?25l[A[1Gpulling manifest [K
pulling 2049f5674b1e:   6% ▕█                 ▏ 510 MB/9.0 GB  4.9 MB/s  28m45s[K[?25h[?2026l[?2026h[?25l[A[1Gpulling manifest [K
pulling 2049f5674b1e:   6% ▕█                 ▏ 511 MB/9.0 GB  4.9 MB/s  28m45s[K[?25h[?2026l[?2026h[?25l[A[1Gpulling manifest [K
pulling 2049f5674b1e:   6% ▕█                 ▏ 511 MB/9.0 GB  4.9 MB/s  28m45s[K[?25h[?2026l[?2026h[?25l[A[1Gpulling manifest [K
pulling 2049f5674b1e:   6% ▕█                 ▏ 512 MB/9.0 GB  4.9 MB/s  28m45s[K[?25h[?2026l[?2026h[?25l[A[1Gpulling manifest [K
pulling 2049f5674b1e:   6% ▕█                 ▏ 512 MB/9.0 GB  4.9 MB/s  28m45s[K[?25h[?2026l[?2026h[?25l[A[1Gpulling manifest [K
pulling 2049f5674b1e:   6% ▕█                 ▏ 513 MB/9.0 GB  4.9 MB/s  28m45s[K[?25h[?2026l[?2026h[?25l[A[1Gpulling manifest [K
pulling 2049f5674b1e:   6% ▕█                 ▏ 513 MB/9.0 GB  4.9 MB/s  28m45s[K[?25h[?2026l[?2026h[?25l[A[1Gpulling manifest [K
pulling 2049f5674b1e:   6% ▕█                 ▏ 514 MB/9.0 GB  4.9 MB/s  28m45s[K[?25h[?2026l[?2026h[?25l[A[1Gpulling manifest [K
pulling 2049f5674b1e:   6% ▕█                 ▏ 514 MB/9.0 GB  4.9 MB/s  28m44s[K[?25h[?2026l[?2026h[?25l[A[1Gpulling manifest [K
pulling 2049f5674b1e:   6% ▕█                 ▏ 515 MB/9.0 GB  4.9 MB/s  28m43s[K[?25h[?2026l[?2026h[?25l[A[1Gpulling manifest [K
pulling 2049f5674b1e:   6% ▕█                 ▏ 515 MB/9.0 GB  4.9 MB/s  28m43s[K[?25h[?2026l[?2026h[?25l[A[1Gpulling manifest [K
pulling 2049f5674b1e:   6% ▕█                 ▏ 516 MB/9.0 GB  4.9 MB/s  28m43s[K[?25h[?2026l[?2026h[?25l[A[1Gpulling manifest [K
pulling 2049f5674b1e:   6% ▕█                 ▏ 516 MB/9.0 GB  4.9 MB/s  28m43s[K[?25h[?2026l[?2026h[?25l[A[1Gpulling manifest [K
pulling 2049f5674b1e:   6% ▕█                 ▏ 516 MB/9.0 GB  4.9 MB/s  28m43s[K[?25h[?2026l[?2026h[?25l[A[1Gpulling manifest [K
pulling 2049f5674b1e:   6% ▕█                 ▏ 517 MB/9.0 GB  4.9 MB/s  28m43s[K[?25h[?2026l[?2026h[?25l[A[1Gpulling manifest [K
pulling 2049f5674b1e:   6% ▕█                 ▏ 518 MB/9.0 GB  4.9 MB/s  28m43s[K[?25h[?2026l[?2026h[?25l[A[1Gpulling manifest [K
pulling 2049f5674b1e:   6% ▕█                 ▏ 518 MB/9.0 GB  4.9 MB/s  28m43s[K[?25h[?2026l[?2026h[?25l[A[1Gpulling manifest [K
pulling 2049f5674b1e:   6% ▕█                 ▏ 518 MB/9.0 GB  4.9 MB/s  28m43s[K[?25h[?2026l[?2026h[?25l[A[1Gpulling manifest [K
pulling 2049f5674b1e:   6% ▕█                 ▏ 519 MB/9.0 GB  4.9 MB/s  28m50s[K[?25h[?2026l[?2026h[?25l[A[1Gpulling manifest [K
pulling 2049f5674b1e:   6% ▕█                 ▏ 519 MB/9.0 GB  4.9 MB/s  28m50s[K[?25h[?2026l[?2026h[?25l[A[1Gpulling manifest [K
pulling 2049f5674b1e:   6% ▕█                 ▏ 520 MB/9.0 GB  4.9 MB/s  28m50s[K[?25h[?2026l[?2026h[?25l[A[1Gpulling manifest [K
pulling 2049f5674b1e:   6% ▕█                 ▏ 521 MB/9.0 GB  4.9 MB/s  28m50s[K[?25h[?2026l[?2026h[?25l[A[1Gpulling manifest [K
pulling 2049f5674b1e:   6% ▕█                 ▏ 521 MB/9.0 GB  4.9 MB/s  28m50s[K[?25h[?2026l[?2026h[?25l[A[1Gpulling manifest [K
pulling 2049f5674b1e:   6% ▕█                 ▏ 521 MB/9.0 GB  4.9 MB/s  28m50s[K[?25h[?2026l[?2026h[?25l[A[1Gpulling manifest [K
pulling 2049f5674b1e:   6% ▕█                 ▏ 522 MB/9.0 GB  4.9 MB/s  28m49s[K[?25h[?2026l[?2026h[?25l[A[1Gpulling manifest [K
pulling 2049f5674b1e:   6% ▕█                 ▏ 522 MB/9.0 GB  4.9 MB/s  28m49s[K[?25h[?2026l[?2026h[?25l[A[1Gpulling manifest [K
pulling 2049f5674b1e:   6% ▕█                 ▏ 523 MB/9.0 GB  4.9 MB/s  28m49s[K[?25h[?2026l[?2026h[?25l[A[1Gpulling manifest [K
pulling 2049f5674b1e:   6% ▕█                 ▏ 523 MB/9.0 GB  4.9 MB/s  28m49s[K[?25h[?2026l[?2026h[?25l[A[1Gpulling manifest [K
pulling 2049f5674b1e:   6% ▕█                 ▏ 524 MB/9.0 GB  4.9 MB/s  28m56s[K[?25h[?2026l[?2026h[?25l[A[1Gpulling manifest [K
pulling 2049f5674b1e:   6% ▕█                 ▏ 524 MB/9.0 GB  4.9 MB/s  28m56s[K[?25h[?2026l[?2026h[?25l[A[1Gpulling manifest [K
pulling 2049f5674b1e:   6% ▕█                 ▏ 525 MB/9.0 GB  4.9 MB/s  28m56s[K[?25h[?2026l[?2026h[?25l[A[1Gpulling manifest [K
pulling 2049f5674b1e:   6% ▕█                 ▏ 525 MB/9.0 GB  4.9 MB/s  28m56s[K[?25h[?2026l[?2026h[?25l[A[1Gpulling manifest [K
pulling 2049f5674b1e:   6% ▕█                 ▏ 526 MB/9.0 GB  4.9 MB/s  28m56s[K[?25h[?2026l[?2026h[?25l[A[1Gpulling manifest [K
pulling 2049f5674b1e:   6% ▕█                 ▏ 526 MB/9.0 GB  4.9 MB/s  28m56s[K[?25h[?2026l[?2026h[?25l[A[1Gpulling manifest [K
pulling 2049f5674b1e:   6% ▕█                 ▏ 526 MB/9.0 GB  4.9 MB/s  28m56s[K[?25h[?2026l[?2026h[?25l[A[1Gpulling manifest [K
pulling 2049f5674b1e:   6% ▕█                 ▏ 527 MB/9.0 GB  4.9 MB/s  28m56s[K[?25h[?2026l[?2026h[?25l[A[1Gpulling manifest [K
pulling 2049f5674b1e:   6% ▕█                 ▏ 528 MB/9.0 GB  4.9 MB/s  28m56s[K[?25h[?2026l[?2026h[?25l[A[1Gpulling manifest [K
pulling 2049f5674b1e:   6% ▕█                 ▏ 528 MB/9.0 GB  4.9 MB/s  28m56s[K[?25h[?2026l[?2026h[?25l[A[1Gpulling manifest [K
pulling 2049f5674b1e:   6% ▕█                 ▏ 529 MB/9.0 GB  4.9 MB/s  28m53s[K[?25h[?2026l[?2026h[?25l[A[1Gpulling manifest [K
pulling 2049f5674b1e:   6% ▕█                 ▏ 529 MB/9.0 GB  4.9 MB/s  28m53s[K[?25h[?2026l[?2026h[?25l[A[1Gpulling manifest [K
pulling 2049f5674b1e:   6% ▕█                 ▏ 529 MB/9.0 GB  4.9 MB/s  28m52s[K[?25h[?2026l[?2026h[?25l[A[1Gpulling manifest [K
pulling 2049f5674b1e:   6% ▕█                 ▏ 530 MB/9.0 GB  4.9 MB/s  28m52s[K[?25h[?2026l[?2026h[?25l[A[1Gpulling manifest [K
pulling 2049f5674b1e:   6% ▕█                 ▏ 530 MB/9.0 GB  4.9 MB/s  28m52s[K[?25h[?2026l[?2026h[?25l[A[1Gpulling manifest [K
pulling 2049f5674b1e:   6% ▕█                 ▏ 531 MB/9.0 GB  4.9 MB/s  28m52s[K[?25h[?2026l[?2026h[?25l[A[1Gpulling manifest [K
pulling 2049f5674b1e:   6% ▕█                 ▏ 531 MB/9.0 GB  4.9 MB/s  28m52s[K[?25h[?2026l[?2026h[?25l[A[1Gpulling manifest [K
pulling 2049f5674b1e:   6% ▕█                 ▏ 532 MB/9.0 GB  4.9 MB/s  28m52s[K[?25h[?2026l[?2026h[?25l[A[1Gpulling manifest [K
pulling 2049f5674b1e:   6% ▕█                 ▏ 532 MB/9.0 GB  4.9 MB/s  28m52s[K[?25h[?2026l[?2026h[?25l[A[1Gpulling manifest [K
pulling 2049f5674b1e:   6% ▕█                 ▏ 533 MB/9.0 GB  4.9 MB/s  28m52s[K[?25h[?2026l[?2026h[?25l[A[1Gpulling manifest [K
pulling 2049f5674b1e:   6% ▕█                 ▏ 534 MB/9.0 GB  4.9 MB/s  28m45s[K[?25h[?2026l[?2026h[?25l[A[1Gpulling manifest [K
pulling 2049f5674b1e:   6% ▕█                 ▏ 534 MB/9.0 GB  4.9 MB/s  28m45s[K[?25h[?2026l[?2026h[?25l[A[1Gpulling manifest [K
pulling 2049f5674b1e:   6% ▕█                 ▏ 534 MB/9.0 GB  4.9 MB/s  28m45s[K[?25h[?2026l[?2026h[?25l[A[1Gpulling manifest [K
pulling 2049f5674b1e:   6% ▕█                 ▏ 535 MB/9.0 GB  4.9 MB/s  28m45s[K[?25h[?2026l[?2026h[?25l[A[1Gpulling manifest [K
pulling 2049f5674b1e:   6% ▕█                 ▏ 535 MB/9.0 GB  4.9 MB/s  28m45s[K[?25h[?2026l[?2026h[?25l[A[1Gpulling manifest [K
pulling 2049f5674b1e:   6% ▕█                 ▏ 536 MB/9.0 GB  4.9 MB/s  28m45s[K[?25h[?2026l[?2026h[?25l[A[1Gpulling manifest [K
pulling 2049f5674b1e:   6% ▕█                 ▏ 536 MB/9.0 GB  4.9 MB/s  28m44s[K[?25h[?2026l[?2026h[?25l[A[1Gpulling manifest [K
pulling 2049f5674b1e:   6% ▕█                 ▏ 537 MB/9.0 GB  4.9 MB/s  28m44s[K[?25h[?2026l[?2026h[?25l[A[1Gpulling manifest [K
pulling 2049f5674b1e:   6% ▕█                 ▏ 537 MB/9.0 GB  4.9 MB/s  28m44s[K[?25h[?2026l[?2026h[?25l[A[1Gpulling manifest [K
pulling 2049f5674b1e:   6% ▕█                 ▏ 538 MB/9.0 GB  4.9 MB/s  28m44s[K[?25h[?2026l[?2026h[?25l[A[1Gpulling manifest [K
pulling 2049f5674b1e:   6% ▕█                 ▏ 538 MB/9.0 GB  4.9 MB/s  28m44s[K[?25h[?2026l[?2026h[?25l[A[1Gpulling manifest [K
pulling 2049f5674b1e:   6% ▕█                 ▏ 539 MB/9.0 GB  4.9 MB/s  28m39s[K[?25h[?2026l[?2026h[?25l[A[1Gpulling manifest [K
pulling 2049f5674b1e:   6% ▕█                 ▏ 539 MB/9.0 GB  4.9 MB/s  28m39s[K[?25h[?2026l[?2026h[?25l[A[1Gpulling manifest [K
pulling 2049f5674b1e:   6% ▕█                 ▏ 540 MB/9.0 GB  4.9 MB/s  28m39s[K[?25h[?2026l[?2026h[?25l[A[1Gpulling manifest [K
pulling 2049f5674b1e:   6% ▕█                 ▏ 540 MB/9.0 GB  4.9 MB/s  28m39s[K[?25h[?2026l[?2026h[?25l[A[1Gpulling manifest [K
pulling 2049f5674b1e:   6% ▕█                 ▏ 541 MB/9.0 GB  4.9 MB/s  28m39s[K[?25h[?2026l[?2026h[?25l[A[1Gpulling manifest [K
pulling 2049f5674b1e:   6% ▕█                 ▏ 541 MB/9.0 GB  4.9 MB/s  28m39s[K[?25h[?2026l[?2026h[?25l[A[1Gpulling manifest [K
pulling 2049f5674b1e:   6% ▕█                 ▏ 542 MB/9.0 GB  4.9 MB/s  28m39s[K[?25h[?2026l[?2026h[?25l[A[1Gpulling manifest [K
pulling 2049f5674b1e:   6% ▕█                 ▏ 542 MB/9.0 GB  4.9 MB/s  28m39s[K[?25h[?2026l[?2026h[?25l[A[1Gpulling manifest [K
pulling 2049f5674b1e:   6% ▕█                 ▏ 542 MB/9.0 GB  4.9 MB/s  28m39s[K[?25h[?2026l[?2026h[?25l[A[1Gpulling manifest [K
pulling 2049f5674b1e:   6% ▕█                 ▏ 543 MB/9.0 GB  4.9 MB/s  28m39s[K[?25h[?2026l[?2026h[?25l[A[1Gpulling manifest [K
pulling 2049f5674b1e:   6% ▕█                 ▏ 543 MB/9.0 GB  4.9 MB/s  28m43s[K[?25h[?2026l[?2026h[?25l[A[1Gpulling manifest [K
pulling 2049f5674b1e:   6% ▕█                 ▏ 544 MB/9.0 GB  4.9 MB/s  28m43s[K[?25h[?2026l[?2026h[?25l[A[1Gpulling manifest [K
pulling 2049f5674b1e:   6% ▕█                 ▏ 544 MB/9.0 GB  4.9 MB/s  28m43s[K[?25h[?2026l[?2026h[?25l[A[1Gpulling manifest [K
pulling 2049f5674b1e:   6% ▕█                 ▏ 545 MB/9.0 GB  4.9 MB/s  28m43s[K[?25h[?2026l[?2026h[?25l[A[1Gpulling manifest [K
pulling 2049f5674b1e:   6% ▕█                 ▏ 545 MB/9.0 GB  4.9 MB/s  28m43s[K[?25h[?2026l[?2026h[?25l[A[1Gpulling manifest [K
pulling 2049f5674b1e:   6% ▕█                 ▏ 546 MB/9.0 GB  4.9 MB/s  28m43s[K[?25h[?2026l[?2026h[?25l[A[1Gpulling manifest [K
pulling 2049f5674b1e:   6% ▕█                 ▏ 546 MB/9.0 GB  4.9 MB/s  28m43s[K[?25h[?2026l[?2026h[?25l[A[1Gpulling manifest [K
pulling 2049f5674b1e:   6% ▕█                 ▏ 547 MB/9.0 GB  4.9 MB/s  28m43s[K[?25h[?2026l[?2026h[?25l[A[1Gpulling manifest [K
pulling 2049f5674b1e:   6% ▕█                 ▏ 547 MB/9.0 GB  4.9 MB/s  28m43s[K[?25h[?2026l[?2026h[?25l[A[1Gpulling manifest [K
pulling 2049f5674b1e:   6% ▕█                 ▏ 548 MB/9.0 GB  4.9 MB/s  28m42s[K[?25h[?2026l[?2026h[?25l[A[1Gpulling manifest [K
pulling 2049f5674b1e:   6% ▕█                 ▏ 548 MB/9.0 GB  4.9 MB/s  28m48s[K[?25h[?2026l[?2026h[?25l[A[1Gpulling manifest [K
pulling 2049f5674b1e:   6% ▕█                 ▏ 549 MB/9.0 GB  4.9 MB/s  28m48s[K[?25h[?2026l[?2026h[?25l[A[1Gpulling manifest [K
pulling 2049f5674b1e:   6% ▕█                 ▏ 549 MB/9.0 GB  4.9 MB/s  28m48s[K[?25h[?2026l[?2026h[?25l[A[1Gpulling manifest [K
pulling 2049f5674b1e:   6% ▕█                 ▏ 549 MB/9.0 GB  4.9 MB/s  28m48s[K[?25h[?2026l[?2026h[?25l[A[1Gpulling manifest [K
pulling 2049f5674b1e:   6% ▕█                 ▏ 550 MB/9.0 GB  4.9 MB/s  28m48s[K[?25h[?2026l[?2026h[?25l[A[1Gpulling manifest [K
pulling 2049f5674b1e:   6% ▕█                 ▏ 550 MB/9.0 GB  4.9 MB/s  28m48s[K[?25h[?2026l[?2026h[?25l[A[1Gpulling manifest [K
pulling 2049f5674b1e:   6% ▕█                 ▏ 551 MB/9.0 GB  4.9 MB/s  28m48s[K[?25h[?2026l[?2026h[?25l[A[1Gpulling manifest [K
pulling 2049f5674b1e:   6% ▕█                 ▏ 551 MB/9.0 GB  4.9 MB/s  28m48s[K[?25h[?2026l[?2026h[?25l[A[1Gpulling manifest [K
pulling 2049f5674b1e:   6% ▕█                 ▏ 552 MB/9.0 GB  4.9 MB/s  28m48s[K[?25h[?2026l[?2026h[?25l[A[1Gpulling manifest [K
pulling 2049f5674b1e:   6% ▕█                 ▏ 552 MB/9.0 GB  4.9 MB/s  28m48s[K[?25h[?2026l[?2026h[?25l[A[1Gpulling manifest [K
pulling 2049f5674b1e:   6% ▕█                 ▏ 553 MB/9.0 GB  4.8 MB/s   29m0s[K[?25h[?2026l[?2026h[?25l[A[1Gpulling manifest [K
pulling 2049f5674b1e:   6% ▕█                 ▏ 553 MB/9.0 GB  4.8 MB/s   29m0s[K[?25h[?2026l[?2026h[?25l[A[1Gpulling manifest [K
pulling 2049f5674b1e:   6% ▕█                 ▏ 554 MB/9.0 GB  4.8 MB/s   29m0s[K[?25h[?2026l[?2026h[?25l[A[1Gpulling manifest [K
pulling 2049f5674b1e:   6% ▕█                 ▏ 554 MB/9.0 GB  4.8 MB/s   29m0s[K[?25h[?2026l[?2026h[?25l[A[1Gpulling manifest [K
pulling 2049f5674b1e:   6% ▕█                 ▏ 555 MB/9.0 GB  4.8 MB/s  28m59s[K[?25h[?2026l[?2026h[?25l[A[1Gpulling manifest [K
pulling 2049f5674b1e:   6% ▕█                 ▏ 555 MB/9.0 GB  4.8 MB/s  28m59s[K[?25h[?2026l[?2026h[?25l[A[1Gpulling manifest [K
pulling 2049f5674b1e:   6% ▕█                 ▏ 556 MB/9.0 GB  4.8 MB/s  28m59s[K[?25h[?2026l[?2026h[?25l[A[1Gpulling manifest [K
pulling 2049f5674b1e:   6% ▕█                 ▏ 556 MB/9.0 GB  4.8 MB/s  28m59s[K[?25h[?2026l[?2026h[?25l[A[1Gpulling manifest [K
pulling 2049f5674b1e:   6% ▕█                 ▏ 557 MB/9.0 GB  4.8 MB/s  28m59s[K[?25h[?2026l[?2026h[?25l[A[1Gpulling manifest [K
pulling 2049f5674b1e:   6% ▕█                 ▏ 557 MB/9.0 GB  4.8 MB/s  28m59s[K[?25h[?2026l[?2026h[?25l[A[1Gpulling manifest [K
pulling 2049f5674b1e:   6% ▕█                 ▏ 558 MB/9.0 GB  4.9 MB/s  28m53s[K[?25h[?2026l[?2026h[?25l[A[1Gpulling manifest [K
pulling 2049f5674b1e:   6% ▕█                 ▏ 558 MB/9.0 GB  4.9 MB/s  28m53s[K[?25h[?2026l[?2026h[?25l[A[1Gpulling manifest [K
pulling 2049f5674b1e:   6% ▕█                 ▏ 559 MB/9.0 GB  4.9 MB/s  28m53s[K[?25h[?2026l[?2026h[?25l[A[1Gpulling manifest [K
pulling 2049f5674b1e:   6% ▕█                 ▏ 559 MB/9.0 GB  4.9 MB/s  28m53s[K[?25h[?2026l[?2026h[?25l[A[1Gpulling manifest [K
pulling 2049f5674b1e:   6% ▕█                 ▏ 559 MB/9.0 GB  4.9 MB/s  28m53s[K[?25h[?2026l[?2026h[?25l[A[1Gpulling manifest [K
pulling 2049f5674b1e:   6% ▕█                 ▏ 560 MB/9.0 GB  4.9 MB/s  28m53s[K[?25h[?2026l[?2026h[?25l[A[1Gpulling manifest [K
pulling 2049f5674b1e:   6% ▕█                 ▏ 561 MB/9.0 GB  4.9 MB/s  28m53s[K[?25h[?2026l[?2026h[?25l[A[1Gpulling manifest [K
pulling 2049f5674b1e:   6% ▕█                 ▏ 561 MB/9.0 GB  4.9 MB/s  28m53s[K[?25h[?2026l[?2026h[?25l[A[1Gpulling manifest [K
pulling 2049f5674b1e:   6% ▕█                 ▏ 561 MB/9.0 GB  4.9 MB/s  28m53s[K[?25h[?2026l[?2026h[?25l[A[1Gpulling manifest [K
pulling 2049f5674b1e:   6% ▕█                 ▏ 562 MB/9.0 GB  4.9 MB/s  28m52s[K[?25h[?2026l[?2026h[?25l[A[1Gpulling manifest [K
pulling 2049f5674b1e:   6% ▕█                 ▏ 562 MB/9.0 GB  4.9 MB/s  28m52s[K[?25h[?2026l[?2026h[?25l[A[1Gpulling manifest [K
pulling 2049f5674b1e:   6% ▕█                 ▏ 563 MB/9.0 GB  4.9 MB/s  28m47s[K[?25h[?2026l[?2026h[?25l[A[1Gpulling manifest [K
pulling 2049f5674b1e:   6% ▕█                 ▏ 563 MB/9.0 GB  4.9 MB/s  28m47s[K[?25h[?2026l[?2026h[?25l[A[1Gpulling manifest [K
pulling 2049f5674b1e:   6% ▕█                 ▏ 564 MB/9.0 GB  4.9 MB/s  28m47s[K[?25h[?2026l[?2026h[?25l[A[1Gpulling manifest [K
pulling 2049f5674b1e:   6% ▕█                 ▏ 564 MB/9.0 GB  4.9 MB/s  28m47s[K[?25h[?2026l[?2026h[?25l[A[1Gpulling manifest [K
pulling 2049f5674b1e:   6% ▕█                 ▏ 565 MB/9.0 GB  4.9 MB/s  28m46s[K[?25h[?2026l[?2026h[?25l[A[1Gpulling manifest [K
pulling 2049f5674b1e:   6% ▕█                 ▏ 565 MB/9.0 GB  4.9 MB/s  28m46s[K[?25h[?2026l[?2026h[?25l[A[1Gpulling manifest [K
pulling 2049f5674b1e:   6% ▕█                 ▏ 566 MB/9.0 GB  4.9 MB/s  28m46s[K[?25h[?2026l[?2026h[?25l[A[1Gpulling manifest [K
pulling 2049f5674b1e:   6% ▕█                 ▏ 566 MB/9.0 GB  4.9 MB/s  28m46s[K[?25h[?2026l[?2026h[?25l[A[1Gpulling manifest [K
pulling 2049f5674b1e:   6% ▕█                 ▏ 567 MB/9.0 GB  4.9 MB/s  28m46s[K[?25h[?2026l[?2026h[?25l[A[1Gpulling manifest [K
pulling 2049f5674b1e:   6% ▕█                 ▏ 567 MB/9.0 GB  4.9 MB/s  28m46s[K[?25h[?2026l[?2026h[?25l[A[1Gpulling manifest [K
pulling 2049f5674b1e:   6% ▕█                 ▏ 568 MB/9.0 GB  4.9 MB/s  28m41s[K[?25h[?2026l[?2026h[?25l[A[1Gpulling manifest [K
pulling 2049f5674b1e:   6% ▕█                 ▏ 568 MB/9.0 GB  4.9 MB/s  28m41s[K[?25h[?2026l[?2026h[?25l[A[1Gpulling manifest [K
pulling 2049f5674b1e:   6% ▕█                 ▏ 569 MB/9.0 GB  4.9 MB/s  28m41s[K[?25h[?2026l[?2026h[?25l[A[1Gpulling manifest [K
pulling 2049f5674b1e:   6% ▕█                 ▏ 569 MB/9.0 GB  4.9 MB/s  28m41s[K[?25h[?2026l[?2026h[?25l[A[1Gpulling manifest [K
pulling 2049f5674b1e:   6% ▕█                 ▏ 570 MB/9.0 GB  4.9 MB/s  28m41s[K[?25h[?2026l[?2026h[?25l[A[1Gpulling manifest [K
pulling 2049f5674b1e:   6% ▕█                 ▏ 570 MB/9.0 GB  4.9 MB/s  28m41s[K[?25h[?2026l[?2026h[?25l[A[1Gpulling manifest [K
pulling 2049f5674b1e:   6% ▕█                 ▏ 571 MB/9.0 GB  4.9 MB/s  28m41s[K[?25h[?2026l[?2026h[?25l[A[1Gpulling manifest [K
pulling 2049f5674b1e:   6% ▕█                 ▏ 571 MB/9.0 GB  4.9 MB/s  28m41s[K[?25h[?2026l[?2026h[?25l[A[1Gpulling manifest [K
pulling 2049f5674b1e:   6% ▕█                 ▏ 572 MB/9.0 GB  4.9 MB/s  28m41s[K[?25h[?2026l[?2026h[?25l[A[1Gpulling manifest [K
pulling 2049f5674b1e:   6% ▕█                 ▏ 572 MB/9.0 GB  4.9 MB/s  28m41s[K[?25h[?2026l[?2026h[?25l[A[1Gpulling manifest [K
pulling 2049f5674b1e:   6% ▕█                 ▏ 572 MB/9.0 GB  4.9 MB/s  28m46s[K[?25h[?2026l[?2026h[?25l[A[1Gpulling manifest [K
pulling 2049f5674b1e:   6% ▕█                 ▏ 573 MB/9.0 GB  4.9 MB/s  28m46s[K[?25h[?2026l[?2026h[?25l[A[1Gpulling manifest [K
pulling 2049f5674b1e:   6% ▕█                 ▏ 574 MB/9.0 GB  4.9 MB/s  28m46s[K[?25h[?2026l[?2026h[?25l[A[1Gpulling manifest [K
pulling 2049f5674b1e:   6% ▕█                 ▏ 574 MB/9.0 GB  4.9 MB/s  28m46s[K[?25h[?2026l[?2026h[?25l[A[1Gpulling manifest [K
pulling 2049f5674b1e:   6% ▕█                 ▏ 574 MB/9.0 GB  4.9 MB/s  28m46s[K[?25h[?2026l[?2026h[?25l[A[1Gpulling manifest [K
pulling 2049f5674b1e:   6% ▕█                 ▏ 575 MB/9.0 GB  4.9 MB/s  28m46s[K[?25h[?2026l[?2026h[?25l[A[1Gpulling manifest [K
pulling 2049f5674b1e:   6% ▕█                 ▏ 575 MB/9.0 GB  4.9 MB/s  28m46s[K[?25h[?2026l[?2026h[?25l[A[1Gpulling manifest [K
pulling 2049f5674b1e:   6% ▕█                 ▏ 576 MB/9.0 GB  4.9 MB/s  28m46s[K[?25h[?2026l[?2026h[?25l[A[1Gpulling manifest [K
pulling 2049f5674b1e:   6% ▕█                 ▏ 576 MB/9.0 GB  4.9 MB/s  28m45s[K[?25h[?2026l[?2026h[?25l[A[1Gpulling manifest [K
pulling 2049f5674b1e:   6% ▕█                 ▏ 577 MB/9.0 GB  4.9 MB/s  28m45s[K[?25h[?2026l[?2026h[?25l[A[1Gpulling manifest [K
pulling 2049f5674b1e:   6% ▕█                 ▏ 577 MB/9.0 GB  4.8 MB/s  28m55s[K[?25h[?2026l[?2026h[?25l[A[1Gpulling manifest [K
pulling 2049f5674b1e:   6% ▕█                 ▏ 578 MB/9.0 GB  4.8 MB/s  28m55s[K[?25h[?2026l[?2026h[?25l[A[1Gpulling manifest [K
pulling 2049f5674b1e:   6% ▕█                 ▏ 578 MB/9.0 GB  4.8 MB/s  28m55s[K[?25h[?2026l[?2026h[?25l[A[1Gpulling manifest [K
pulling 2049f5674b1e:   6% ▕█                 ▏ 579 MB/9.0 GB  4.8 MB/s  28m55s[K[?25h[?2026l[?2026h[?25l[A[1Gpulling manifest [K
pulling 2049f5674b1e:   6% ▕█                 ▏ 579 MB/9.0 GB  4.8 MB/s  28m54s[K[?25h[?2026l[?2026h[?25l[A[1Gpulling manifest [K
pulling 2049f5674b1e:   6% ▕█                 ▏ 579 MB/9.0 GB  4.8 MB/s  28m54s[K[?25h[?2026l[?2026h[?25l[A[1Gpulling manifest [K
pulling 2049f5674b1e:   6% ▕█                 ▏ 580 MB/9.0 GB  4.8 MB/s  28m54s[K[?25h[?2026l[?2026h[?25l[A[1Gpulling manifest [K
pulling 2049f5674b1e:   6% ▕█                 ▏ 580 MB/9.0 GB  4.8 MB/s  28m54s[K[?25h[?2026l[?2026h[?25l[A[1Gpulling manifest [K
pulling 2049f5674b1e:   6% ▕█                 ▏ 581 MB/9.0 GB  4.8 MB/s  28m54s[K[?25h[?2026l[?2026h[?25l[A[1Gpulling manifest [K
pulling 2049f5674b1e:   6% ▕█                 ▏ 581 MB/9.0 GB  4.8 MB/s  28m54s[K[?25h[?2026l[?2026h[?25l[A[1Gpulling manifest [K
pulling 2049f5674b1e:   6% ▕█                 ▏ 582 MB/9.0 GB  4.8 MB/s  28m58s[K[?25h[?2026l[?2026h[?25l[A[1Gpulling manifest [K
pulling 2049f5674b1e:   6% ▕█                 ▏ 582 MB/9.0 GB  4.8 MB/s  28m58s[K[?25h[?2026l[?2026h[?25l[A[1Gpulling manifest [K
pulling 2049f5674b1e:   6% ▕█                 ▏ 583 MB/9.0 GB  4.8 MB/s  28m58s[K[?25h[?2026l[?2026h[?25l[A[1Gpulling manifest [K
pulling 2049f5674b1e:   6% ▕█                 ▏ 583 MB/9.0 GB  4.8 MB/s  28m58s[K[?25h[?2026l[?2026h[?25l[A[1Gpulling manifest [K
pulling 2049f5674b1e:   6% ▕█                 ▏ 584 MB/9.0 GB  4.8 MB/s  28m58s[K[?25h[?2026l[?2026h[?25l[A[1Gpulling manifest [K
pulling 2049f5674b1e:   7% ▕█                 ▏ 584 MB/9.0 GB  4.8 MB/s  28m58s[K[?25h[?2026l[?2026h[?25l[A[1Gpulling manifest [K
pulling 2049f5674b1e:   7% ▕█                 ▏ 585 MB/9.0 GB  4.8 MB/s  28m58s[K[?25h[?2026l[?2026h[?25l[A[1Gpulling manifest [K
pulling 2049f5674b1e:   7% ▕█                 ▏ 585 MB/9.0 GB  4.8 MB/s  28m58s[K[?25h[?2026l[?2026h[?25l[A[1Gpulling manifest [K
pulling 2049f5674b1e:   7% ▕█                 ▏ 586 MB/9.0 GB  4.8 MB/s  28m58s[K[?25h[?2026l[?2026h[?25l[A[1Gpulling manifest [K
pulling 2049f5674b1e:   7% ▕█                 ▏ 586 MB/9.0 GB  4.8 MB/s  28m57s[K[?25h[?2026l[?2026h[?25l[A[1Gpulling manifest [K
pulling 2049f5674b1e:   7% ▕█                 ▏ 587 MB/9.0 GB  4.8 MB/s  28m57s[K[?25h[?2026l[?2026h[?25l[A[1Gpulling manifest [K
pulling 2049f5674b1e:   7% ▕█                 ▏ 587 MB/9.0 GB  4.9 MB/s  28m51s[K[?25h[?2026l[?2026h[?25l[A[1Gpulling manifest [K
pulling 2049f5674b1e:   7% ▕█                 ▏ 588 MB/9.0 GB  4.9 MB/s  28m51s[K[?25h[?2026l[?2026h[?25l[A[1Gpulling manifest [K
pulling 2049f5674b1e:   7% ▕█                 ▏ 588 MB/9.0 GB  4.9 MB/s  28m50s[K[?25h[?2026l[?2026h[?25l[A[1Gpulling manifest [K
pulling 2049f5674b1e:   7% ▕█                 ▏ 589 MB/9.0 GB  4.9 MB/s  28m50s[K[?25h[?2026l[?2026h[?25l[A[1Gpulling manifest [K
pulling 2049f5674b1e:   7% ▕█                 ▏ 589 MB/9.0 GB  4.9 MB/s  28m50s[K[?25h[?2026l[?2026h[?25l[A[1Gpulling manifest [K
pulling 2049f5674b1e:   7% ▕█                 ▏ 590 MB/9.0 GB  4.9 MB/s  28m50s[K[?25h[?2026l[?2026h[?25l[A[1Gpulling manifest [K
pulling 2049f5674b1e:   7% ▕█                 ▏ 590 MB/9.0 GB  4.9 MB/s  28m50s[K[?25h[?2026l[?2026h[?25l[A[1Gpulling manifest [K
pulling 2049f5674b1e:   7% ▕█                 ▏ 591 MB/9.0 GB  4.9 MB/s  28m50s[K[?25h[?2026l[?2026h[?25l[A[1Gpulling manifest [K
pulling 2049f5674b1e:   7% ▕█                 ▏ 591 MB/9.0 GB  4.9 MB/s  28m50s[K[?25h[?2026l[?2026h[?25l[A[1Gpulling manifest [K
pulling 2049f5674b1e:   7% ▕█                 ▏ 592 MB/9.0 GB  4.9 MB/s  28m50s[K[?25h[?2026l[?2026h[?25l[A[1Gpulling manifest [K
pulling 2049f5674b1e:   7% ▕█                 ▏ 592 MB/9.0 GB  4.9 MB/s  28m42s[K[?25h[?2026l[?2026h[?25l[A[1Gpulling manifest [K
pulling 2049f5674b1e:   7% ▕█                 ▏ 592 MB/9.0 GB  4.9 MB/s  28m42s[K[?25h[?2026l[?2026h[?25l[A[1Gpulling manifest [K
pulling 2049f5674b1e:   7% ▕█                 ▏ 593 MB/9.0 GB  4.9 MB/s  28m42s[K[?25h[?2026l[?2026h[?25l[A[1Gpulling manifest [K
pulling 2049f5674b1e:   7% ▕█                 ▏ 594 MB/9.0 GB  4.9 MB/s  28m42s[K[?25h[?2026l[?2026h[?25l[A[1Gpulling manifest [K
pulling 2049f5674b1e:   7% ▕█                 ▏ 594 MB/9.0 GB  4.9 MB/s  28m42s[K[?25h[?2026l[?2026h[?25l[A[1Gpulling manifest [K
pulling 2049f5674b1e:   7% ▕█                 ▏ 595 MB/9.0 GB  4.9 MB/s  28m42s[K[?25h[?2026l[?2026h[?25l[A[1Gpulling manifest [K
pulling 2049f5674b1e:   7% ▕█                 ▏ 595 MB/9.0 GB  4.9 MB/s  28m42s[K[?25h[?2026l[?2026h[?25l[A[1Gpulling manifest [K
pulling 2049f5674b1e:   7% ▕█                 ▏ 595 MB/9.0 GB  4.9 MB/s  28m42s[K[?25h[?2026l[?2026h[?25l[A[1Gpulling manifest [K
pulling 2049f5674b1e:   7% ▕█                 ▏ 596 MB/9.0 GB  4.9 MB/s  28m42s[K[?25h[?2026l[?2026h[?25l[A[1Gpulling manifest [K
pulling 2049f5674b1e:   7% ▕█                 ▏ 597 MB/9.0 GB  4.9 MB/s  28m42s[K[?25h[?2026l[?2026h[?25l[A[1Gpulling manifest [K
pulling 2049f5674b1e:   7% ▕█                 ▏ 597 MB/9.0 GB  4.9 MB/s  28m29s[K[?25h[?2026l[?2026h[?25l[A[1Gpulling manifest [K
pulling 2049f5674b1e:   7% ▕█                 ▏ 597 MB/9.0 GB  4.9 MB/s  28m29s[K[?25h[?2026l[?2026h[?25l[A[1Gpulling manifest [K
pulling 2049f5674b1e:   7% ▕█                 ▏ 598 MB/9.0 GB  4.9 MB/s  28m29s[K[?25h[?2026l[?2026h[?25l[A[1Gpulling manifest [K
pulling 2049f5674b1e:   7% ▕█                 ▏ 598 MB/9.0 GB  4.9 MB/s  28m29s[K[?25h[?2026l[?2026h[?25l[A[1Gpulling manifest [K
pulling 2049f5674b1e:   7% ▕█                 ▏ 599 MB/9.0 GB  4.9 MB/s  28m29s[K[?25h[?2026l[?2026h[?25l[A[1Gpulling manifest [K
pulling 2049f5674b1e:   7% ▕█                 ▏ 599 MB/9.0 GB  4.9 MB/s  28m28s[K[?25h[?2026l[?2026h[?25l[A[1Gpulling manifest [K
pulling 2049f5674b1e:   7% ▕█                 ▏ 600 MB/9.0 GB  4.9 MB/s  28m28s[K[?25h[?2026l[?2026h[?25l[A[1Gpulling manifest [K
pulling 2049f5674b1e:   7% ▕█                 ▏ 600 MB/9.0 GB  4.9 MB/s  28m28s[K[?25h[?2026l[?2026h[?25l[A[1Gpulling manifest [K
pulling 2049f5674b1e:   7% ▕█                 ▏ 601 MB/9.0 GB  4.9 MB/s  28m28s[K[?25h[?2026l[?2026h[?25l[A[1Gpulling manifest [K
pulling 2049f5674b1e:   7% ▕█                 ▏ 601 MB/9.0 GB  4.9 MB/s  28m28s[K[?25h[?2026l[?2026h[?25l[A[1Gpulling manifest [K
pulling 2049f5674b1e:   7% ▕█                 ▏ 602 MB/9.0 GB  4.9 MB/s  28m33s[K[?25h[?2026l[?2026h[?25l[A[1Gpulling manifest [K
pulling 2049f5674b1e:   7% ▕█                 ▏ 602 MB/9.0 GB  4.9 MB/s  28m33s[K[?25h[?2026l[?2026h[?25l[A[1Gpulling manifest [K
pulling 2049f5674b1e:   7% ▕█                 ▏ 603 MB/9.0 GB  4.9 MB/s  28m33s[K[?25h[?2026l[?2026h[?25l[A[1Gpulling manifest [K
pulling 2049f5674b1e:   7% ▕█                 ▏ 603 MB/9.0 GB  4.9 MB/s  28m33s[K[?25h[?2026l[?2026h[?25l[A[1Gpulling manifest [K
pulling 2049f5674b1e:   7% ▕█                 ▏ 604 MB/9.0 GB  4.9 MB/s  28m33s[K[?25h[?2026l[?2026h[?25l[A[1Gpulling manifest [K
pulling 2049f5674b1e:   7% ▕█                 ▏ 604 MB/9.0 GB  4.9 MB/s  28m33s[K[?25h[?2026l[?2026h[?25l[A[1Gpulling manifest [K
pulling 2049f5674b1e:   7% ▕█                 ▏ 605 MB/9.0 GB  4.9 MB/s  28m33s[K[?25h[?2026l[?2026h[?25l[A[1Gpulling manifest [K
pulling 2049f5674b1e:   7% ▕█                 ▏ 605 MB/9.0 GB  4.9 MB/s  28m33s[K[?25h[?2026l[?2026h[?25l[A[1Gpulling manifest [K
pulling 2049f5674b1e:   7% ▕█                 ▏ 605 MB/9.0 GB  4.9 MB/s  28m33s[K[?25h[?2026l[?2026h[?25l[A[1Gpulling manifest [K
pulling 2049f5674b1e:   7% ▕█                 ▏ 606 MB/9.0 GB  4.9 MB/s  28m32s[K[?25h[?2026l[?2026h[?25l[A[1Gpulling manifest [K
pulling 2049f5674b1e:   7% ▕█                 ▏ 607 MB/9.0 GB  4.9 MB/s  28m38s[K[?25h[?2026l[?2026h[?25l[A[1Gpulling manifest [K
pulling 2049f5674b1e:   7% ▕█                 ▏ 607 MB/9.0 GB  4.9 MB/s  28m37s[K[?25h[?2026l[?2026h[?25l[A[1Gpulling manifest [K
pulling 2049f5674b1e:   7% ▕█                 ▏ 607 MB/9.0 GB  4.9 MB/s  28m37s[K[?25h[?2026l[?2026h[?25l[A[1Gpulling manifest [K
pulling 2049f5674b1e:   7% ▕█                 ▏ 608 MB/9.0 GB  4.9 MB/s  28m37s[K[?25h[?2026l[?2026h[?25l[A[1Gpulling manifest [K
pulling 2049f5674b1e:   7% ▕█                 ▏ 608 MB/9.0 GB  4.9 MB/s  28m37s[K[?25h[?2026l[?2026h[?25l[A[1Gpulling manifest [K
pulling 2049f5674b1e:   7% ▕█                 ▏ 609 MB/9.0 GB  4.9 MB/s  28m37s[K[?25h[?2026l[?2026h[?25l[A[1Gpulling manifest [K
pulling 2049f5674b1e:   7% ▕█                 ▏ 609 MB/9.0 GB  4.9 MB/s  28m37s[K[?25h[?2026l[?2026h[?25l[A[1Gpulling manifest [K
pulling 2049f5674b1e:   7% ▕█                 ▏ 610 MB/9.0 GB  4.9 MB/s  28m37s[K[?25h[?2026l[?2026h[?25l[A[1Gpulling manifest [K
pulling 2049f5674b1e:   7% ▕█                 ▏ 610 MB/9.0 GB  4.9 MB/s  28m37s[K[?25h[?2026l[?2026h[?25l[A[1Gpulling manifest [K
pulling 2049f5674b1e:   7% ▕█                 ▏ 611 MB/9.0 GB  4.9 MB/s  28m37s[K[?25h[?2026l[?2026h[?25l[A[1Gpulling manifest [K
pulling 2049f5674b1e:   7% ▕█                 ▏ 611 MB/9.0 GB  4.9 MB/s  28m37s[K[?25h[?2026l[?2026h[?25l[A[1Gpulling manifest [K
pulling 2049f5674b1e:   7% ▕█                 ▏ 612 MB/9.0 GB  4.9 MB/s  28m41s[K[?25h[?2026l[?2026h[?25l[A[1Gpulling manifest [K
pulling 2049f5674b1e:   7% ▕█                 ▏ 612 MB/9.0 GB  4.9 MB/s  28m41s[K[?25h[?2026l[?2026h[?25l[A[1Gpulling manifest [K
pulling 2049f5674b1e:   7% ▕█                 ▏ 613 MB/9.0 GB  4.9 MB/s  28m41s[K[?25h[?2026l[?2026h[?25l[A[1Gpulling manifest [K
pulling 2049f5674b1e:   7% ▕█                 ▏ 613 MB/9.0 GB  4.9 MB/s  28m41s[K[?25h[?2026l[?2026h[?25l[A[1Gpulling manifest [K
pulling 2049f5674b1e:   7% ▕█                 ▏ 614 MB/9.0 GB  4.9 MB/s  28m41s[K[?25h[?2026l[?2026h[?25l[A[1Gpulling manifest [K
pulling 2049f5674b1e:   7% ▕█                 ▏ 614 MB/9.0 GB  4.9 MB/s  28m41s[K[?25h[?2026l[?2026h[?25l[A[1Gpulling manifest [K
pulling 2049f5674b1e:   7% ▕█                 ▏ 615 MB/9.0 GB  4.9 MB/s  28m41s[K[?25h[?2026l[?2026h[?25l[A[1Gpulling manifest [K
pulling 2049f5674b1e:   7% ▕█                 ▏ 615 MB/9.0 GB  4.9 MB/s  28m40s[K[?25h[?2026l[?2026h[?25l[A[1Gpulling manifest [K
pulling 2049f5674b1e:   7% ▕█                 ▏ 615 MB/9.0 GB  4.9 MB/s  28m40s[K[?25h[?2026l[?2026h[?25l[A[1Gpulling manifest [K
pulling 2049f5674b1e:   7% ▕█                 ▏ 616 MB/9.0 GB  4.9 MB/s  28m40s[K[?25h[?2026l[?2026h[?25l[A[1Gpulling manifest [K
pulling 2049f5674b1e:   7% ▕█                 ▏ 617 MB/9.0 GB  4.9 MB/s  28m35s[K[?25h[?2026l[?2026h[?25l[A[1Gpulling manifest [K
pulling 2049f5674b1e:   7% ▕█                 ▏ 617 MB/9.0 GB  4.9 MB/s  28m35s[K[?25h[?2026l[?2026h[?25l[A[1Gpulling manifest [K
pulling 2049f5674b1e:   7% ▕█                 ▏ 618 MB/9.0 GB  4.9 MB/s  28m35s[K[?25h[?2026l[?2026h[?25l[A[1Gpulling manifest [K
pulling 2049f5674b1e:   7% ▕█                 ▏ 618 MB/9.0 GB  4.9 MB/s  28m35s[K[?25h[?2026l[?2026h[?25l[A[1Gpulling manifest [K
pulling 2049f5674b1e:   7% ▕█                 ▏ 618 MB/9.0 GB  4.9 MB/s  28m35s[K[?25h[?2026l[?2026h[?25l[A[1Gpulling manifest [K
pulling 2049f5674b1e:   7% ▕█                 ▏ 619 MB/9.0 GB  4.9 MB/s  28m35s[K[?25h[?2026l[?2026h[?25l[A[1Gpulling manifest [K
pulling 2049f5674b1e:   7% ▕█                 ▏ 620 MB/9.0 GB  4.9 MB/s  28m35s[K[?25h[?2026l[?2026h[?25l[A[1Gpulling manifest [K
pulling 2049f5674b1e:   7% ▕█                 ▏ 620 MB/9.0 GB  4.9 MB/s  28m35s[K[?25h[?2026l[?2026h[?25l[A[1Gpulling manifest [K
pulling 2049f5674b1e:   7% ▕█                 ▏ 620 MB/9.0 GB  4.9 MB/s  28m35s[K[?25h[?2026l[?2026h[?25l[A[1Gpulling manifest [K
pulling 2049f5674b1e:   7% ▕█                 ▏ 621 MB/9.0 GB  4.9 MB/s  28m35s[K[?25h[?2026l[?2026h[?25l[A[1Gpulling manifest [K
pulling 2049f5674b1e:   7% ▕█                 ▏ 621 MB/9.0 GB  4.9 MB/s  28m22s[K[?25h[?2026l[?2026h[?25l[A[1Gpulling manifest [K
pulling 2049f5674b1e:   7% ▕█                 ▏ 622 MB/9.0 GB  4.9 MB/s  28m22s[K[?25h[?2026l[?2026h[?25l[A[1Gpulling manifest [K
pulling 2049f5674b1e:   7% ▕█                 ▏ 623 MB/9.0 GB  4.9 MB/s  28m22s[K[?25h[?2026l[?2026h[?25l[A[1Gpulling manifest [K
pulling 2049f5674b1e:   7% ▕█                 ▏ 623 MB/9.0 GB  4.9 MB/s  28m22s[K[?25h[?2026l[?2026h[?25l[A[1Gpulling manifest [K
pulling 2049f5674b1e:   7% ▕█                 ▏ 623 MB/9.0 GB  4.9 MB/s  28m22s[K[?25h[?2026l[?2026h[?25l[A[1Gpulling manifest [K
pulling 2049f5674b1e:   7% ▕█                 ▏ 624 MB/9.0 GB  4.9 MB/s  28m22s[K[?25h[?2026l[?2026h[?25l[A[1Gpulling manifest [K
pulling 2049f5674b1e:   7% ▕█                 ▏ 624 MB/9.0 GB  4.9 MB/s  28m22s[K[?25h[?2026l[?2026h[?25l[A[1Gpulling manifest [K
pulling 2049f5674b1e:   7% ▕█                 ▏ 625 MB/9.0 GB  4.9 MB/s  28m22s[K[?25h[?2026l[?2026h[?25l[A[1Gpulling manifest [K
pulling 2049f5674b1e:   7% ▕█                 ▏ 625 MB/9.0 GB  4.9 MB/s  28m22s[K[?25h[?2026l[?2026h[?25l[A[1Gpulling manifest [K
pulling 2049f5674b1e:   7% ▕█                 ▏ 626 MB/9.0 GB  4.9 MB/s  28m22s[K[?25h[?2026l[?2026h[?25l[A[1Gpulling manifest [K
pulling 2049f5674b1e:   7% ▕█                 ▏ 626 MB/9.0 GB  4.9 MB/s  28m13s[K[?25h[?2026l[?2026h[?25l[A[1Gpulling manifest [K
pulling 2049f5674b1e:   7% ▕█                 ▏ 627 MB/9.0 GB  4.9 MB/s  28m13s[K[?25h[?2026l[?2026h[?25l[A[1Gpulling manifest [K
pulling 2049f5674b1e:   7% ▕█                 ▏ 627 MB/9.0 GB  4.9 MB/s  28m13s[K[?25h[?2026l[?2026h[?25l[A[1Gpulling manifest [K
pulling 2049f5674b1e:   7% ▕█                 ▏ 628 MB/9.0 GB  4.9 MB/s  28m13s[K[?25h[?2026l[?2026h[?25l[A[1Gpulling manifest [K
pulling 2049f5674b1e:   7% ▕█                 ▏ 628 MB/9.0 GB  4.9 MB/s  28m13s[K[?25h[?2026l[?2026h[?25l[A[1Gpulling manifest [K
pulling 2049f5674b1e:   7% ▕█                 ▏ 629 MB/9.0 GB  4.9 MB/s  28m13s[K[?25h[?2026l[?2026h[?25l[A[1Gpulling manifest [K
pulling 2049f5674b1e:   7% ▕█                 ▏ 629 MB/9.0 GB  4.9 MB/s  28m13s[K[?25h[?2026l[?2026h[?25l[A[1Gpulling manifest [K
pulling 2049f5674b1e:   7% ▕█                 ▏ 630 MB/9.0 GB  4.9 MB/s  28m12s[K[?25h[?2026l[?2026h[?25l[A[1Gpulling manifest [K
pulling 2049f5674b1e:   7% ▕█                 ▏ 630 MB/9.0 GB  4.9 MB/s  28m12s[K[?25h[?2026l[?2026h[?25l[A[1Gpulling manifest [K
pulling 2049f5674b1e:   7% ▕█                 ▏ 630 MB/9.0 GB  4.9 MB/s  28m12s[K[?25h[?2026l[?2026h[?25l[A[1Gpulling manifest [K
pulling 2049f5674b1e:   7% ▕█                 ▏ 631 MB/9.0 GB  4.9 MB/s  28m17s[K[?25h[?2026l[?2026h[?25l[A[1Gpulling manifest [K
pulling 2049f5674b1e:   7% ▕█                 ▏ 632 MB/9.0 GB  4.9 MB/s  28m17s[K[?25h[?2026l[?2026h[?25l[A[1Gpulling manifest [K
pulling 2049f5674b1e:   7% ▕█                 ▏ 632 MB/9.0 GB  4.9 MB/s  28m17s[K[?25h[?2026l[?2026h[?25l[A[1Gpulling manifest [K
pulling 2049f5674b1e:   7% ▕█                 ▏ 633 MB/9.0 GB  4.9 MB/s  28m16s[K[?25h[?2026l[?2026h[?25l[A[1Gpulling manifest [K
pulling 2049f5674b1e:   7% ▕█                 ▏ 633 MB/9.0 GB  4.9 MB/s  28m16s[K[?25h[?2026l[?2026h[?25l[A[1Gpulling manifest [K
pulling 2049f5674b1e:   7% ▕█                 ▏ 634 MB/9.0 GB  4.9 MB/s  28m16s[K[?25h[?2026l[?2026h[?25l[A[1Gpulling manifest [K
pulling 2049f5674b1e:   7% ▕█                 ▏ 634 MB/9.0 GB  4.9 MB/s  28m16s[K[?25h[?2026l[?2026h[?25l[A[1Gpulling manifest [K
pulling 2049f5674b1e:   7% ▕█                 ▏ 634 MB/9.0 GB  4.9 MB/s  28m16s[K[?25h[?2026l[?2026h[?25l[A[1Gpulling manifest [K
pulling 2049f5674b1e:   7% ▕█                 ▏ 635 MB/9.0 GB  4.9 MB/s  28m16s[K[?25h[?2026l[?2026h[?25l[A[1Gpulling manifest [K
pulling 2049f5674b1e:   7% ▕█                 ▏ 635 MB/9.0 GB  4.9 MB/s  28m16s[K[?25h[?2026l[?2026h[?25l[A[1Gpulling manifest [K
pulling 2049f5674b1e:   7% ▕█                 ▏ 636 MB/9.0 GB  4.9 MB/s  28m16s[K[?25h[?2026l[?2026h[?25l[A[1Gpulling manifest [K
pulling 2049f5674b1e:   7% ▕█                 ▏ 636 MB/9.0 GB  4.9 MB/s  28m25s[K[?25h[?2026l[?2026h[?25l[A[1Gpulling manifest [K
pulling 2049f5674b1e:   7% ▕█                 ▏ 637 MB/9.0 GB  4.9 MB/s  28m25s[K[?25h[?2026l[?2026h[?25l[A[1Gpulling manifest [K
pulling 2049f5674b1e:   7% ▕█                 ▏ 637 MB/9.0 GB  4.9 MB/s  28m25s[K[?25h[?2026l[?2026h[?25l[A[1Gpulling manifest [K
pulling 2049f5674b1e:   7% ▕█                 ▏ 638 MB/9.0 GB  4.9 MB/s  28m25s[K[?25h[?2026l[?2026h[?25l[A[1Gpulling manifest [K
pulling 2049f5674b1e:   7% ▕█                 ▏ 638 MB/9.0 GB  4.9 MB/s  28m24s[K[?25h[?2026l[?2026h[?25l[A[1Gpulling manifest [K
pulling 2049f5674b1e:   7% ▕█                 ▏ 639 MB/9.0 GB  4.9 MB/s  28m24s[K[?25h[?2026l[?2026h[?25l[A[1Gpulling manifest [K
pulling 2049f5674b1e:   7% ▕█                 ▏ 639 MB/9.0 GB  4.9 MB/s  28m24s[K[?25h[?2026l[?2026h[?25l[A[1Gpulling manifest [K
pulling 2049f5674b1e:   7% ▕█                 ▏ 640 MB/9.0 GB  4.9 MB/s  28m24s[K[?25h[?2026l[?2026h[?25l[A[1Gpulling manifest [K
pulling 2049f5674b1e:   7% ▕█                 ▏ 640 MB/9.0 GB  4.9 MB/s  28m24s[K[?25h[?2026l[?2026h[?25l[A[1Gpulling manifest [K
pulling 2049f5674b1e:   7% ▕█                 ▏ 641 MB/9.0 GB  4.9 MB/s  28m24s[K[?25h[?2026l[?2026h[?25l[A[1Gpulling manifest [K
pulling 2049f5674b1e:   7% ▕█                 ▏ 641 MB/9.0 GB  4.9 MB/s  28m29s[K[?25h[?2026l[?2026h[?25l[A[1Gpulling manifest [K
pulling 2049f5674b1e:   7% ▕█                 ▏ 641 MB/9.0 GB  4.9 MB/s  28m29s[K[?25h[?2026l[?2026h[?25l[A[1Gpulling manifest [K
pulling 2049f5674b1e:   7% ▕█                 ▏ 642 MB/9.0 GB  4.9 MB/s  28m29s[K[?25h[?2026l[?2026h[?25l[A[1Gpulling manifest [K
pulling 2049f5674b1e:   7% ▕█                 ▏ 643 MB/9.0 GB  4.9 MB/s  28m28s[K[?25h[?2026l[?2026h[?25l[A[1Gpulling manifest [K
pulling 2049f5674b1e:   7% ▕█                 ▏ 643 MB/9.0 GB  4.9 MB/s  28m28s[K[?25h[?2026l[?2026h[?25l[A[1Gpulling manifest [K
pulling 2049f5674b1e:   7% ▕█                 ▏ 644 MB/9.0 GB  4.9 MB/s  28m28s[K[?25h[?2026l[?2026h[?25l[A[1Gpulling manifest [K
pulling 2049f5674b1e:   7% ▕█                 ▏ 644 MB/9.0 GB  4.9 MB/s  28m28s[K[?25h[?2026l[?2026h[?25l[A[1Gpulling manifest [K
pulling 2049f5674b1e:   7% ▕█                 ▏ 644 MB/9.0 GB  4.9 MB/s  28m28s[K[?25h[?2026l[?2026h[?25l[A[1Gpulling manifest [K
pulling 2049f5674b1e:   7% ▕█                 ▏ 645 MB/9.0 GB  4.9 MB/s  28m28s[K[?25h[?2026l[?2026h[?25l[A[1Gpulling manifest [K
pulling 2049f5674b1e:   7% ▕█                 ▏ 646 MB/9.0 GB  4.9 MB/s  28m28s[K[?25h[?2026l[?2026h[?25l[A[1Gpulling manifest [K
pulling 2049f5674b1e:   7% ▕█                 ▏ 646 MB/9.0 GB  4.9 MB/s  28m23s[K[?25h[?2026l[?2026h[?25l[A[1Gpulling manifest [K
pulling 2049f5674b1e:   7% ▕█                 ▏ 646 MB/9.0 GB  4.9 MB/s  28m23s[K[?25h[?2026l[?2026h[?25l[A[1Gpulling manifest [K
pulling 2049f5674b1e:   7% ▕█                 ▏ 647 MB/9.0 GB  4.9 MB/s  28m23s[K[?25h[?2026l[?2026h[?25l[A[1Gpulling manifest [K
pulling 2049f5674b1e:   7% ▕█                 ▏ 647 MB/9.0 GB  4.9 MB/s  28m23s[K[?25h[?2026l[?2026h[?25l[A[1Gpulling manifest [K
pulling 2049f5674b1e:   7% ▕█                 ▏ 648 MB/9.0 GB  4.9 MB/s  28m23s[K[?25h[?2026l[?2026h[?25l[A[1Gpulling manifest [K
pulling 2049f5674b1e:   7% ▕█                 ▏ 648 MB/9.0 GB  4.9 MB/s  28m23s[K[?25h[?2026l[?2026h[?25l[A[1Gpulling manifest [K
pulling 2049f5674b1e:   7% ▕█                 ▏ 649 MB/9.0 GB  4.9 MB/s  28m22s[K[?25h[?2026l[?2026h[?25l[A[1Gpulling manifest [K
pulling 2049f5674b1e:   7% ▕█                 ▏ 649 MB/9.0 GB  4.9 MB/s  28m22s[K[?25h[?2026l[?2026h[?25l[A[1Gpulling manifest [K
pulling 2049f5674b1e:   7% ▕█                 ▏ 650 MB/9.0 GB  4.9 MB/s  28m22s[K[?25h[?2026l[?2026h[?25l[A[1Gpulling manifest [K
pulling 2049f5674b1e:   7% ▕█                 ▏ 650 MB/9.0 GB  4.9 MB/s  28m22s[K[?25h[?2026l[?2026h[?25l[A[1Gpulling manifest [K
pulling 2049f5674b1e:   7% ▕█                 ▏ 651 MB/9.0 GB  4.9 MB/s  28m15s[K[?25h[?2026l[?2026h[?25l[A[1Gpulling manifest [K
pulling 2049f5674b1e:   7% ▕█                 ▏ 651 MB/9.0 GB  4.9 MB/s  28m15s[K[?25h[?2026l[?2026h[?25l[A[1Gpulling manifest [K
pulling 2049f5674b1e:   7% ▕█                 ▏ 652 MB/9.0 GB  4.9 MB/s  28m15s[K[?25h[?2026l[?2026h[?25l[A[1Gpulling manifest [K
pulling 2049f5674b1e:   7% ▕█                 ▏ 652 MB/9.0 GB  4.9 MB/s  28m15s[K[?25h[?2026l[?2026h[?25l[A[1Gpulling manifest [K
pulling 2049f5674b1e:   7% ▕█                 ▏ 653 MB/9.0 GB  4.9 MB/s  28m15s[K[?25h[?2026l[?2026h[?25l[A[1Gpulling manifest [K
pulling 2049f5674b1e:   7% ▕█                 ▏ 653 MB/9.0 GB  4.9 MB/s  28m15s[K[?25h[?2026l[?2026h[?25l[A[1Gpulling manifest [K
pulling 2049f5674b1e:   7% ▕█                 ▏ 654 MB/9.0 GB  4.9 MB/s  28m15s[K[?25h[?2026l[?2026h[?25l[A[1Gpulling manifest [K
pulling 2049f5674b1e:   7% ▕█                 ▏ 654 MB/9.0 GB  4.9 MB/s  28m15s[K[?25h[?2026l[?2026h[?25l[A[1Gpulling manifest [K
pulling 2049f5674b1e:   7% ▕█                 ▏ 654 MB/9.0 GB  4.9 MB/s  28m14s[K[?25h[?2026l[?2026h[?25l[A[1Gpulling manifest [K
pulling 2049f5674b1e:   7% ▕█                 ▏ 655 MB/9.0 GB  4.9 MB/s  28m14s[K[?25h[?2026l[?2026h[?25l[A[1Gpulling manifest [K
pulling 2049f5674b1e:   7% ▕█                 ▏ 656 MB/9.0 GB  4.9 MB/s  28m10s[K[?25h[?2026l[?2026h[?25l[A[1Gpulling manifest [K
pulling 2049f5674b1e:   7% ▕█                 ▏ 656 MB/9.0 GB  4.9 MB/s  28m10s[K[?25h[?2026l[?2026h[?25l[A[1Gpulling manifest [K
pulling 2049f5674b1e:   7% ▕█                 ▏ 657 MB/9.0 GB  4.9 MB/s  28m10s[K[?25h[?2026l[?2026h[?25l[A[1Gpulling manifest [K
pulling 2049f5674b1e:   7% ▕█                 ▏ 657 MB/9.0 GB  4.9 MB/s  28m10s[K[?25h[?2026l[?2026h[?25l[A[1Gpulling manifest [K
pulling 2049f5674b1e:   7% ▕█                 ▏ 657 MB/9.0 GB  4.9 MB/s  28m10s[K[?25h[?2026l[?2026h[?25l[A[1Gpulling manifest [K
pulling 2049f5674b1e:   7% ▕█                 ▏ 658 MB/9.0 GB  4.9 MB/s  28m10s[K[?25h[?2026l[?2026h[?25l[A[1Gpulling manifest [K
pulling 2049f5674b1e:   7% ▕█                 ▏ 659 MB/9.0 GB  4.9 MB/s  28m10s[K[?25h[?2026l[?2026h[?25l[A[1Gpulling manifest [K
pulling 2049f5674b1e:   7% ▕█                 ▏ 659 MB/9.0 GB  4.9 MB/s  28m10s[K[?25h[?2026l[?2026h[?25l[A[1Gpulling manifest [K
pulling 2049f5674b1e:   7% ▕█                 ▏ 659 MB/9.0 GB  4.9 MB/s  28m10s[K[?25h[?2026l[?2026h[?25l[A[1Gpulling manifest [K
pulling 2049f5674b1e:   7% ▕█                 ▏ 660 MB/9.0 GB  4.9 MB/s  28m10s[K[?25h[?2026l[?2026h[?25l[A[1Gpulling manifest [K
pulling 2049f5674b1e:   7% ▕█                 ▏ 660 MB/9.0 GB  4.9 MB/s  28m10s[K[?25h[?2026l[?2026h[?25l[A[1Gpulling manifest [K
pulling 2049f5674b1e:   7% ▕█                 ▏ 661 MB/9.0 GB  4.9 MB/s  28m16s[K[?25h[?2026l[?2026h[?25l[A[1Gpulling manifest [K
pulling 2049f5674b1e:   7% ▕█                 ▏ 661 MB/9.0 GB  4.9 MB/s  28m16s[K[?25h[?2026l[?2026h[?25l[A[1Gpulling manifest [K
pulling 2049f5674b1e:   7% ▕█                 ▏ 662 MB/9.0 GB  4.9 MB/s  28m16s[K[?25h[?2026l[?2026h[?25l[A[1Gpulling manifest [K
pulling 2049f5674b1e:   7% ▕█                 ▏ 662 MB/9.0 GB  4.9 MB/s  28m16s[K[?25h[?2026l[?2026h[?25l[A[1Gpulling manifest [K
pulling 2049f5674b1e:   7% ▕█                 ▏ 663 MB/9.0 GB  4.9 MB/s  28m16s[K[?25h[?2026l[?2026h[?25l[A[1Gpulling manifest [K
pulling 2049f5674b1e:   7% ▕█                 ▏ 663 MB/9.0 GB  4.9 MB/s  28m15s[K[?25h[?2026l[?2026h[?25l[A[1Gpulling manifest [K
pulling 2049f5674b1e:   7% ▕█                 ▏ 664 MB/9.0 GB  4.9 MB/s  28m15s[K[?25h[?2026l[?2026h[?25l[A[1Gpulling manifest [K
pulling 2049f5674b1e:   7% ▕█                 ▏ 664 MB/9.0 GB  4.9 MB/s  28m15s[K[?25h[?2026l[?2026h[?25l[A[1Gpulling manifest [K
pulling 2049f5674b1e:   7% ▕█                 ▏ 664 MB/9.0 GB  4.9 MB/s  28m15s[K[?25h[?2026l[?2026h[?25l[A[1Gpulling manifest [K
pulling 2049f5674b1e:   7% ▕█                 ▏ 665 MB/9.0 GB  4.9 MB/s  28m15s[K[?25h[?2026l[?2026h[?25l[A[1Gpulling manifest [K
pulling 2049f5674b1e:   7% ▕█                 ▏ 666 MB/9.0 GB  4.9 MB/s  28m23s[K[?25h[?2026l[?2026h[?25l[A[1Gpulling manifest [K
pulling 2049f5674b1e:   7% ▕█                 ▏ 666 MB/9.0 GB  4.9 MB/s  28m23s[K[?25h[?2026l[?2026h[?25l[A[1Gpulling manifest [K
pulling 2049f5674b1e:   7% ▕█                 ▏ 666 MB/9.0 GB  4.9 MB/s  28m23s[K[?25h[?2026l[?2026h[?25l[A[1Gpulling manifest [K
pulling 2049f5674b1e:   7% ▕█                 ▏ 667 MB/9.0 GB  4.9 MB/s  28m22s[K[?25h[?2026l[?2026h[?25l[A[1Gpulling manifest [K
pulling 2049f5674b1e:   7% ▕█                 ▏ 667 MB/9.0 GB  4.9 MB/s  28m22s[K[?25h[?2026l[?2026h[?25l[A[1Gpulling manifest [K
pulling 2049f5674b1e:   7% ▕█                 ▏ 668 MB/9.0 GB  4.9 MB/s  28m22s[K[?25h[?2026l[?2026h[?25l[A[1Gpulling manifest [K
pulling 2049f5674b1e:   7% ▕█                 ▏ 668 MB/9.0 GB  4.9 MB/s  28m22s[K[?25h[?2026l[?2026h[?25l[A[1Gpulling manifest [K
pulling 2049f5674b1e:   7% ▕█                 ▏ 669 MB/9.0 GB  4.9 MB/s  28m22s[K[?25h[?2026l[?2026h[?25l[A[1Gpulling manifest [K
pulling 2049f5674b1e:   7% ▕█                 ▏ 669 MB/9.0 GB  4.9 MB/s  28m22s[K[?25h[?2026l[?2026h[?25l[A[1Gpulling manifest [K
pulling 2049f5674b1e:   7% ▕█                 ▏ 670 MB/9.0 GB  4.9 MB/s  28m22s[K[?25h[?2026l[?2026h[?25l[A[1Gpulling manifest [K
pulling 2049f5674b1e:   7% ▕█                 ▏ 670 MB/9.0 GB  4.9 MB/s  28m30s[K[?25h[?2026l[?2026h[?25l[A[1Gpulling manifest [K
pulling 2049f5674b1e:   7% ▕█                 ▏ 671 MB/9.0 GB  4.9 MB/s  28m30s[K[?25h[?2026l[?2026h[?25l[A[1Gpulling manifest [K
pulling 2049f5674b1e:   7% ▕█                 ▏ 671 MB/9.0 GB  4.9 MB/s  28m29s[K[?25h[?2026l[?2026h[?25l[A[1Gpulling manifest [K
pulling 2049f5674b1e:   7% ▕█                 ▏ 672 MB/9.0 GB  4.9 MB/s  28m29s[K[?25h[?2026l[?2026h[?25l[A[1Gpulling manifest [K
pulling 2049f5674b1e:   7% ▕█                 ▏ 672 MB/9.0 GB  4.9 MB/s  28m29s[K[?25h[?2026l[?2026h[?25l[A[1Gpulling manifest [K
pulling 2049f5674b1e:   7% ▕█                 ▏ 673 MB/9.0 GB  4.9 MB/s  28m29s[K[?25h[?2026l[?2026h[?25l[A[1Gpulling manifest [K
pulling 2049f5674b1e:   7% ▕█                 ▏ 673 MB/9.0 GB  4.9 MB/s  28m29s[K[?25h[?2026l[?2026h[?25l[A[1Gpulling manifest [K
pulling 2049f5674b1e:   8% ▕█                 ▏ 674 MB/9.0 GB  4.9 MB/s  28m29s[K[?25h[?2026l[?2026h[?25l[A[1Gpulling manifest [K
pulling 2049f5674b1e:   8% ▕█                 ▏ 674 MB/9.0 GB  4.9 MB/s  28m29s[K[?25h[?2026l[?2026h[?25l[A[1Gpulling manifest [K
pulling 2049f5674b1e:   8% ▕█                 ▏ 674 MB/9.0 GB  4.9 MB/s  28m29s[K[?25h[?2026l[?2026h[?25l[A[1Gpulling manifest [K
pulling 2049f5674b1e:   8% ▕█                 ▏ 675 MB/9.0 GB  4.9 MB/s  28m27s[K[?25h[?2026l[?2026h[?25l[A[1Gpulling manifest [K
pulling 2049f5674b1e:   8% ▕█                 ▏ 676 MB/9.0 GB  4.9 MB/s  28m26s[K[?25h[?2026l[?2026h[?25l[A[1Gpulling manifest [K
pulling 2049f5674b1e:   8% ▕█                 ▏ 676 MB/9.0 GB  4.9 MB/s  28m26s[K[?25h[?2026l[?2026h[?25l[A[1Gpulling manifest [K
pulling 2049f5674b1e:   8% ▕█                 ▏ 676 MB/9.0 GB  4.9 MB/s  28m26s[K[?25h[?2026l[?2026h[?25l[A[1Gpulling manifest [K
pulling 2049f5674b1e:   8% ▕█                 ▏ 677 MB/9.0 GB  4.9 MB/s  28m26s[K[?25h[?2026l[?2026h[?25l[A[1Gpulling manifest [K
pulling 2049f5674b1e:   8% ▕█                 ▏ 677 MB/9.0 GB  4.9 MB/s  28m26s[K[?25h[?2026l[?2026h[?25l[A[1Gpulling manifest [K
pulling 2049f5674b1e:   8% ▕█                 ▏ 678 MB/9.0 GB  4.9 MB/s  28m26s[K[?25h[?2026l[?2026h[?25l[A[1Gpulling manifest [K
pulling 2049f5674b1e:   8% ▕█                 ▏ 678 MB/9.0 GB  4.9 MB/s  28m26s[K[?25h[?2026l[?2026h[?25l[A[1Gpulling manifest [K
pulling 2049f5674b1e:   8% ▕█                 ▏ 679 MB/9.0 GB  4.9 MB/s  28m26s[K[?25h[?2026l[?2026h[?25l[A[1Gpulling manifest [K
pulling 2049f5674b1e:   8% ▕█                 ▏ 679 MB/9.0 GB  4.9 MB/s  28m26s[K[?25h[?2026l[?2026h[?25l[A[1Gpulling manifest [K
pulling 2049f5674b1e:   8% ▕█                 ▏ 680 MB/9.0 GB  4.9 MB/s  28m20s[K[?25h[?2026l[?2026h[?25l[A[1Gpulling manifest [K
pulling 2049f5674b1e:   8% ▕█                 ▏ 680 MB/9.0 GB  4.9 MB/s  28m20s[K[?25h[?2026l[?2026h[?25l[A[1Gpulling manifest [K
pulling 2049f5674b1e:   8% ▕█                 ▏ 681 MB/9.0 GB  4.9 MB/s  28m20s[K[?25h[?2026l[?2026h[?25l[A[1Gpulling manifest [K
pulling 2049f5674b1e:   8% ▕█                 ▏ 681 MB/9.0 GB  4.9 MB/s  28m20s[K[?25h[?2026l[?2026h[?25l[A[1Gpulling manifest [K
pulling 2049f5674b1e:   8% ▕█                 ▏ 682 MB/9.0 GB  4.9 MB/s  28m20s[K[?25h[?2026l[?2026h[?25l[A[1Gpulling manifest [K
pulling 2049f5674b1e:   8% ▕█                 ▏ 682 MB/9.0 GB  4.9 MB/s  28m20s[K[?25h[?2026l[?2026h[?25l[A[1Gpulling manifest [K
pulling 2049f5674b1e:   8% ▕█                 ▏ 683 MB/9.0 GB  4.9 MB/s  28m20s[K[?25h[?2026l[?2026h[?25l[A[1Gpulling manifest [K
pulling 2049f5674b1e:   8% ▕█                 ▏ 683 MB/9.0 GB  4.9 MB/s  28m20s[K[?25h[?2026l[?2026h[?25l[A[1Gpulling manifest [K
pulling 2049f5674b1e:   8% ▕█                 ▏ 684 MB/9.0 GB  4.9 MB/s  28m20s[K[?25h[?2026l[?2026h[?25l[A[1Gpulling manifest [K
pulling 2049f5674b1e:   8% ▕█                 ▏ 684 MB/9.0 GB  4.9 MB/s  28m19s[K[?25h[?2026l[?2026h[?25l[A[1Gpulling manifest [K
pulling 2049f5674b1e:   8% ▕█                 ▏ 684 MB/9.0 GB  4.9 MB/s  28m19s[K[?25h[?2026l[?2026h[?25l[A[1Gpulling manifest [K
pulling 2049f5674b1e:   8% ▕█                 ▏ 685 MB/9.0 GB  4.9 MB/s  28m21s[K[?25h[?2026l[?2026h[?25l[A[1Gpulling manifest [K
pulling 2049f5674b1e:   8% ▕█                 ▏ 686 MB/9.0 GB  4.9 MB/s  28m21s[K[?25h[?2026l[?2026h[?25l[A[1Gpulling manifest [K
pulling 2049f5674b1e:   8% ▕█                 ▏ 686 MB/9.0 GB  4.9 MB/s  28m21s[K[?25h[?2026l[?2026h[?25l[A[1Gpulling manifest [K
pulling 2049f5674b1e:   8% ▕█                 ▏ 686 MB/9.0 GB  4.9 MB/s  28m20s[K[?25h[?2026l[?2026h[?25l[A[1Gpulling manifest [K
pulling 2049f5674b1e:   8% ▕█                 ▏ 687 MB/9.0 GB  4.9 MB/s  28m20s[K[?25h[?2026l[?2026h[?25l[A[1Gpulling manifest [K
pulling 2049f5674b1e:   8% ▕█                 ▏ 687 MB/9.0 GB  4.9 MB/s  28m20s[K[?25h[?2026l[?2026h[?25l[A[1Gpulling manifest [K
pulling 2049f5674b1e:   8% ▕█                 ▏ 688 MB/9.0 GB  4.9 MB/s  28m20s[K[?25h[?2026l[?2026h[?25l[A[1Gpulling manifest [K
pulling 2049f5674b1e:   8% ▕█                 ▏ 688 MB/9.0 GB  4.9 MB/s  28m20s[K[?25h[?2026l[?2026h[?25l[A[1Gpulling manifest [K
pulling 2049f5674b1e:   8% ▕█                 ▏ 689 MB/9.0 GB  4.9 MB/s  28m20s[K[?25h[?2026l[?2026h[?25l[A[1Gpulling manifest [K
pulling 2049f5674b1e:   8% ▕█                 ▏ 689 MB/9.0 GB  4.9 MB/s  28m20s[K[?25h[?2026l[?2026h[?25l[A[1Gpulling manifest [K
pulling 2049f5674b1e:   8% ▕█                 ▏ 690 MB/9.0 GB  4.8 MB/s  28m33s[K[?25h[?2026l[?2026h[?25l[A[1Gpulling manifest [K
pulling 2049f5674b1e:   8% ▕█                 ▏ 690 MB/9.0 GB  4.8 MB/s  28m33s[K[?25h[?2026l[?2026h[?25l[A[1Gpulling manifest [K
pulling 2049f5674b1e:   8% ▕█                 ▏ 691 MB/9.0 GB  4.8 MB/s  28m33s[K[?25h[?2026l[?2026h[?25l[A[1Gpulling manifest [K
pulling 2049f5674b1e:   8% ▕█                 ▏ 691 MB/9.0 GB  4.8 MB/s  28m32s[K[?25h[?2026l[?2026h[?25l[A[1Gpulling manifest [K
pulling 2049f5674b1e:   8% ▕█                 ▏ 691 MB/9.0 GB  4.8 MB/s  28m32s[K[?25h[?2026l[?2026h[?25l[A[1Gpulling manifest [K
pulling 2049f5674b1e:   8% ▕█                 ▏ 692 MB/9.0 GB  4.8 MB/s  28m32s[K[?25h[?2026l[?2026h[?25l[A[1Gpulling manifest [K
pulling 2049f5674b1e:   8% ▕█                 ▏ 692 MB/9.0 GB  4.8 MB/s  28m32s[K[?25h[?2026l[?2026h[?25l[A[1Gpulling manifest [K
pulling 2049f5674b1e:   8% ▕█                 ▏ 693 MB/9.0 GB  4.8 MB/s  28m32s[K[?25h[?2026l[?2026h[?25l[A[1Gpulling manifest [K
pulling 2049f5674b1e:   8% ▕█                 ▏ 693 MB/9.0 GB  4.8 MB/s  28m32s[K[?25h[?2026l[?2026h[?25l[A[1Gpulling manifest [K
pulling 2049f5674b1e:   8% ▕█                 ▏ 694 MB/9.0 GB  4.8 MB/s  28m32s[K[?25h[?2026l[?2026h[?25l[A[1Gpulling manifest [K
pulling 2049f5674b1e:   8% ▕█                 ▏ 694 MB/9.0 GB  4.8 MB/s  28m39s[K[?25h[?2026l[?2026h[?25l[A[1Gpulling manifest [K
pulling 2049f5674b1e:   8% ▕█                 ▏ 695 MB/9.0 GB  4.8 MB/s  28m39s[K[?25h[?2026l[?2026h[?25l[A[1Gpulling manifest [K
pulling 2049f5674b1e:   8% ▕█                 ▏ 695 MB/9.0 GB  4.8 MB/s  28m39s[K[?25h[?2026l[?2026h[?25l[A[1Gpulling manifest [K
pulling 2049f5674b1e:   8% ▕█                 ▏ 695 MB/9.0 GB  4.8 MB/s  28m39s[K[?25h[?2026l[?2026h[?25l[A[1Gpulling manifest [K
pulling 2049f5674b1e:   8% ▕█                 ▏ 696 MB/9.0 GB  4.8 MB/s  28m39s[K[?25h[?2026l[?2026h[?25l[A[1Gpulling manifest [K
pulling 2049f5674b1e:   8% ▕█                 ▏ 697 MB/9.0 GB  4.8 MB/s  28m39s[K[?25h[?2026l[?2026h[?25l[A[1Gpulling manifest [K
pulling 2049f5674b1e:   8% ▕█                 ▏ 697 MB/9.0 GB  4.8 MB/s  28m39s[K[?25h[?2026l[?2026h[?25l[A[1Gpulling manifest [K
pulling 2049f5674b1e:   8% ▕█                 ▏ 697 MB/9.0 GB  4.8 MB/s  28m39s[K[?25h[?2026l[?2026h[?25l[A[1Gpulling manifest [K
pulling 2049f5674b1e:   8% ▕█                 ▏ 698 MB/9.0 GB  4.8 MB/s  28m38s[K[?25h[?2026l[?2026h[?25l[A[1Gpulling manifest [K
pulling 2049f5674b1e:   8% ▕█                 ▏ 698 MB/9.0 GB  4.8 MB/s  28m38s[K[?25h[?2026l[?2026h[?25l[A[1Gpulling manifest [K
pulling 2049f5674b1e:   8% ▕█                 ▏ 699 MB/9.0 GB  4.8 MB/s  28m47s[K[?25h[?2026l[?2026h[?25l[A[1Gpulling manifest [K
pulling 2049f5674b1e:   8% ▕█                 ▏ 699 MB/9.0 GB  4.8 MB/s  28m47s[K[?25h[?2026l[?2026h[?25l[A[1Gpulling manifest [K
pulling 2049f5674b1e:   8% ▕█                 ▏ 700 MB/9.0 GB  4.8 MB/s  28m47s[K[?25h[?2026l[?2026h[?25l[A[1Gpulling manifest [K
pulling 2049f5674b1e:   8% ▕█                 ▏ 700 MB/9.0 GB  4.8 MB/s  28m47s[K[?25h[?2026l[?2026h[?25l[A[1Gpulling manifest [K
pulling 2049f5674b1e:   8% ▕█                 ▏ 701 MB/9.0 GB  4.8 MB/s  28m47s[K[?25h[?2026l[?2026h[?25l[A[1Gpulling manifest [K
pulling 2049f5674b1e:   8% ▕█                 ▏ 701 MB/9.0 GB  4.8 MB/s  28m47s[K[?25h[?2026l[?2026h[?25l[A[1Gpulling manifest [K
pulling 2049f5674b1e:   8% ▕█                 ▏ 702 MB/9.0 GB  4.8 MB/s  28m47s[K[?25h[?2026l[?2026h[?25l[A[1Gpulling manifest [K
pulling 2049f5674b1e:   8% ▕█                 ▏ 702 MB/9.0 GB  4.8 MB/s  28m46s[K[?25h[?2026l[?2026h[?25l[A[1Gpulling manifest [K
pulling 2049f5674b1e:   8% ▕█                 ▏ 703 MB/9.0 GB  4.8 MB/s  28m46s[K[?25h[?2026l[?2026h[?25l[A[1Gpulling manifest [K
pulling 2049f5674b1e:   8% ▕█                 ▏ 703 MB/9.0 GB  4.8 MB/s  28m46s[K[?25h[?2026l[?2026h[?25l[A[1Gpulling manifest [K
pulling 2049f5674b1e:   8% ▕█                 ▏ 704 MB/9.0 GB  4.8 MB/s  28m47s[K[?25h[?2026l[?2026h[?25l[A[1Gpulling manifest [K
pulling 2049f5674b1e:   8% ▕█                 ▏ 704 MB/9.0 GB  4.8 MB/s  28m46s[K[?25h[?2026l[?2026h[?25l[A[1Gpulling manifest [K
pulling 2049f5674b1e:   8% ▕█                 ▏ 704 MB/9.0 GB  4.8 MB/s  28m46s[K[?25h[?2026l[?2026h[?25l[A[1Gpulling manifest [K
pulling 2049f5674b1e:   8% ▕█                 ▏ 705 MB/9.0 GB  4.8 MB/s  28m46s[K[?25h[?2026l[?2026h[?25l[A[1Gpulling manifest [K
pulling 2049f5674b1e:   8% ▕█                 ▏ 705 MB/9.0 GB  4.8 MB/s  28m46s[K[?25h[?2026l[?2026h[?25l[A[1Gpulling manifest [K
pulling 2049f5674b1e:   8% ▕█                 ▏ 706 MB/9.0 GB  4.8 MB/s  28m46s[K[?25h[?2026l[?2026h[?25l[A[1Gpulling manifest [K
pulling 2049f5674b1e:   8% ▕█                 ▏ 707 MB/9.0 GB  4.8 MB/s  28m46s[K[?25h[?2026l[?2026h[?25l[A[1Gpulling manifest [K
pulling 2049f5674b1e:   8% ▕█                 ▏ 707 MB/9.0 GB  4.8 MB/s  28m46s[K[?25h[?2026l[?2026h[?25l[A[1Gpulling manifest [K
pulling 2049f5674b1e:   8% ▕█                 ▏ 707 MB/9.0 GB  4.8 MB/s  28m46s[K[?25h[?2026l[?2026h[?25l[A[1Gpulling manifest [K
pulling 2049f5674b1e:   8% ▕█                 ▏ 708 MB/9.0 GB  4.8 MB/s  28m46s[K[?25h[?2026l[?2026h[?25l[A[1Gpulling manifest [K
pulling 2049f5674b1e:   8% ▕█                 ▏ 708 MB/9.0 GB  4.8 MB/s  28m46s[K[?25h[?2026l[?2026h[?25l[A[1Gpulling manifest [K
pulling 2049f5674b1e:   8% ▕█                 ▏ 709 MB/9.0 GB  4.8 MB/s  28m44s[K[?25h[?2026l[?2026h[?25l[A[1Gpulling manifest [K
pulling 2049f5674b1e:   8% ▕█                 ▏ 709 MB/9.0 GB  4.8 MB/s  28m43s[K[?25h[?2026l[?2026h[?25l[A[1Gpulling manifest [K
pulling 2049f5674b1e:   8% ▕█                 ▏ 710 MB/9.0 GB  4.8 MB/s  28m43s[K[?25h[?2026l[?2026h[?25l[A[1Gpulling manifest [K
pulling 2049f5674b1e:   8% ▕█                 ▏ 710 MB/9.0 GB  4.8 MB/s  28m43s[K[?25h[?2026l[?2026h[?25l[A[1Gpulling manifest [K
pulling 2049f5674b1e:   8% ▕█                 ▏ 711 MB/9.0 GB  4.8 MB/s  28m43s[K[?25h[?2026l[?2026h[?25l[A[1Gpulling manifest [K
pulling 2049f5674b1e:   8% ▕█                 ▏ 711 MB/9.0 GB  4.8 MB/s  28m43s[K[?25h[?2026l[?2026h[?25l[A[1Gpulling manifest [K
pulling 2049f5674b1e:   8% ▕█                 ▏ 712 MB/9.0 GB  4.8 MB/s  28m43s[K[?25h[?2026l[?2026h[?25l[A[1Gpulling manifest [K
pulling 2049f5674b1e:   8% ▕█                 ▏ 712 MB/9.0 GB  4.8 MB/s  28m43s[K[?25h[?2026l[?2026h[?25l[A[1Gpulling manifest [K
pulling 2049f5674b1e:   8% ▕█                 ▏ 712 MB/9.0 GB  4.8 MB/s  28m43s[K[?25h[?2026l[?2026h[?25l[A[1Gpulling manifest [K
pulling 2049f5674b1e:   8% ▕█                 ▏ 713 MB/9.0 GB  4.8 MB/s  28m43s[K[?25h[?2026l[?2026h[?25l[A[1Gpulling manifest [K
pulling 2049f5674b1e:   8% ▕█                 ▏ 714 MB/9.0 GB  4.8 MB/s  28m42s[K[?25h[?2026l[?2026h[?25l[A[1Gpulling manifest [K
pulling 2049f5674b1e:   8% ▕█                 ▏ 714 MB/9.0 GB  4.8 MB/s  28m42s[K[?25h[?2026l[?2026h[?25l[A[1Gpulling manifest [K
pulling 2049f5674b1e:   8% ▕█                 ▏ 714 MB/9.0 GB  4.8 MB/s  28m42s[K[?25h[?2026l[?2026h[?25l[A[1Gpulling manifest [K
pulling 2049f5674b1e:   8% ▕█                 ▏ 715 MB/9.0 GB  4.8 MB/s  28m42s[K[?25h[?2026l[?2026h[?25l[A[1Gpulling manifest [K
pulling 2049f5674b1e:   8% ▕█                 ▏ 715 MB/9.0 GB  4.8 MB/s  28m42s[K[?25h[?2026l[?2026h[?25l[A[1Gpulling manifest [K
pulling 2049f5674b1e:   8% ▕█                 ▏ 716 MB/9.0 GB  4.8 MB/s  28m42s[K[?25h[?2026l[?2026h[?25l[A[1Gpulling manifest [K
pulling 2049f5674b1e:   8% ▕█                 ▏ 716 MB/9.0 GB  4.8 MB/s  28m42s[K[?25h[?2026l[?2026h[?25l[A[1Gpulling manifest [K
pulling 2049f5674b1e:   8% ▕█                 ▏ 717 MB/9.0 GB  4.8 MB/s  28m42s[K[?25h[?2026l[?2026h[?25l[A[1Gpulling manifest [K
pulling 2049f5674b1e:   8% ▕█                 ▏ 717 MB/9.0 GB  4.8 MB/s  28m42s[K[?25h[?2026l[?2026h[?25l[A[1Gpulling manifest [K
pulling 2049f5674b1e:   8% ▕█                 ▏ 718 MB/9.0 GB  4.8 MB/s  28m42s[K[?25h[?2026l[?2026h[?25l[A[1Gpulling manifest [K
pulling 2049f5674b1e:   8% ▕█                 ▏ 718 MB/9.0 GB  4.8 MB/s  28m48s[K[?25h[?2026l[?2026h[?25l[A[1Gpulling manifest [K
pulling 2049f5674b1e:   8% ▕█                 ▏ 719 MB/9.0 GB  4.8 MB/s  28m48s[K[?25h[?2026l[?2026h[?25l[A[1Gpulling manifest [K
pulling 2049f5674b1e:   8% ▕█                 ▏ 719 MB/9.0 GB  4.8 MB/s  28m47s[K[?25h[?2026l[?2026h[?25l[A[1Gpulling manifest [K
pulling 2049f5674b1e:   8% ▕█                 ▏ 719 MB/9.0 GB  4.8 MB/s  28m47s[K[?25h[?2026l[?2026h[?25l[A[1Gpulling manifest [K
pulling 2049f5674b1e:   8% ▕█                 ▏ 720 MB/9.0 GB  4.8 MB/s  28m47s[K[?25h[?2026l[?2026h[?25l[A[1Gpulling manifest [K
pulling 2049f5674b1e:   8% ▕█                 ▏ 721 MB/9.0 GB  4.8 MB/s  28m47s[K[?25h[?2026l[?2026h[?25l[A[1Gpulling manifest [K
pulling 2049f5674b1e:   8% ▕█                 ▏ 721 MB/9.0 GB  4.8 MB/s  28m47s[K[?25h[?2026l[?2026h[?25l[A[1Gpulling manifest [K
pulling 2049f5674b1e:   8% ▕█                 ▏ 722 MB/9.0 GB  4.8 MB/s  28m47s[K[?25h[?2026l[?2026h[?25l[A[1Gpulling manifest [K
pulling 2049f5674b1e:   8% ▕█                 ▏ 722 MB/9.0 GB  4.8 MB/s  28m47s[K[?25h[?2026l[?2026h[?25l[A[1Gpulling manifest [K
pulling 2049f5674b1e:   8% ▕█                 ▏ 722 MB/9.0 GB  4.8 MB/s  28m47s[K[?25h[?2026l[?2026h[?25l[A[1Gpulling manifest [K
pulling 2049f5674b1e:   8% ▕█                 ▏ 723 MB/9.0 GB  4.8 MB/s  28m52s[K[?25h[?2026l[?2026h[?25l[A[1Gpulling manifest [K
pulling 2049f5674b1e:   8% ▕█                 ▏ 723 MB/9.0 GB  4.8 MB/s  28m52s[K[?25h[?2026l[?2026h[?25l[A[1Gpulling manifest [K
pulling 2049f5674b1e:   8% ▕█                 ▏ 724 MB/9.0 GB  4.8 MB/s  28m52s[K[?25h[?2026l[?2026h[?25l[A[1Gpulling manifest [K
pulling 2049f5674b1e:   8% ▕█                 ▏ 724 MB/9.0 GB  4.8 MB/s  28m51s[K[?25h[?2026l[?2026h[?25l[A[1Gpulling manifest [K
pulling 2049f5674b1e:   8% ▕█                 ▏ 725 MB/9.0 GB  4.8 MB/s  28m51s[K[?25h[?2026l[?2026h[?25l[A[1Gpulling manifest [K
pulling 2049f5674b1e:   8% ▕█                 ▏ 725 MB/9.0 GB  4.8 MB/s  28m51s[K[?25h[?2026l[?2026h[?25l[A[1Gpulling manifest [K
pulling 2049f5674b1e:   8% ▕█                 ▏ 726 MB/9.0 GB  4.8 MB/s  28m51s[K[?25h[?2026l[?2026h[?25l[A[1Gpulling manifest [K
pulling 2049f5674b1e:   8% ▕█                 ▏ 726 MB/9.0 GB  4.8 MB/s  28m51s[K[?25h[?2026l[?2026h[?25l[A[1Gpulling manifest [K
pulling 2049f5674b1e:   8% ▕█                 ▏ 726 MB/9.0 GB  4.8 MB/s  28m51s[K[?25h[?2026l[?2026h[?25l[A[1Gpulling manifest [K
pulling 2049f5674b1e:   8% ▕█                 ▏ 727 MB/9.0 GB  4.8 MB/s  28m51s[K[?25h[?2026l[?2026h[?25l[A[1Gpulling manifest [K
pulling 2049f5674b1e:   8% ▕█                 ▏ 728 MB/9.0 GB  4.8 MB/s  28m51s[K[?25h[?2026l[?2026h[?25l[A[1Gpulling manifest [K
pulling 2049f5674b1e:   8% ▕█                 ▏ 728 MB/9.0 GB  4.8 MB/s  28m51s[K[?25h[?2026l[?2026h[?25l[A[1Gpulling manifest [K
pulling 2049f5674b1e:   8% ▕█                 ▏ 729 MB/9.0 GB  4.8 MB/s  28m51s[K[?25h[?2026l[?2026h[?25l[A[1Gpulling manifest [K
pulling 2049f5674b1e:   8% ▕█                 ▏ 729 MB/9.0 GB  4.8 MB/s  28m51s[K[?25h[?2026l[?2026h[?25l[A[1Gpulling manifest [K
pulling 2049f5674b1e:   8% ▕█                 ▏ 729 MB/9.0 GB  4.8 MB/s  28m51s[K[?25h[?2026l[?2026h[?25l[A[1Gpulling manifest [K
pulling 2049f5674b1e:   8% ▕█                 ▏ 730 MB/9.0 GB  4.8 MB/s  28m50s[K[?25h[?2026l[?2026h[?25l[A[1Gpulling manifest [K
pulling 2049f5674b1e:   8% ▕█                 ▏ 731 MB/9.0 GB  4.8 MB/s  28m50s[K[?25h[?2026l[?2026h[?25l[A[1Gpulling manifest [K
pulling 2049f5674b1e:   8% ▕█                 ▏ 731 MB/9.0 GB  4.8 MB/s  28m50s[K[?25h[?2026l[?2026h[?25l[A[1Gpulling manifest [K
pulling 2049f5674b1e:   8% ▕█                 ▏ 732 MB/9.0 GB  4.8 MB/s  28m50s[K[?25h[?2026l[?2026h[?25l[A[1Gpulling manifest [K
pulling 2049f5674b1e:   8% ▕█                 ▏ 732 MB/9.0 GB  4.8 MB/s  28m50s[K[?25h[?2026l[?2026h[?25l[A[1Gpulling manifest [K
pulling 2049f5674b1e:   8% ▕█                 ▏ 732 MB/9.0 GB  4.8 MB/s  28m50s[K[?25h[?2026l[?2026h[?25l[A[1Gpulling manifest [K
pulling 2049f5674b1e:   8% ▕█                 ▏ 733 MB/9.0 GB  4.8 MB/s  28m40s[K[?25h[?2026l[?2026h[?25l[A[1Gpulling manifest [K
pulling 2049f5674b1e:   8% ▕█                 ▏ 734 MB/9.0 GB  4.8 MB/s  28m40s[K[?25h[?2026l[?2026h[?25l[A[1Gpulling manifest [K
pulling 2049f5674b1e:   8% ▕█                 ▏ 734 MB/9.0 GB  4.8 MB/s  28m40s[K[?25h[?2026l[?2026h[?25l[A[1Gpulling manifest [K
pulling 2049f5674b1e:   8% ▕█                 ▏ 734 MB/9.0 GB  4.8 MB/s  28m40s[K[?25h[?2026l[?2026h[?25l[A[1Gpulling manifest [K
pulling 2049f5674b1e:   8% ▕█                 ▏ 735 MB/9.0 GB  4.8 MB/s  28m40s[K[?25h[?2026l[?2026h[?25l[A[1Gpulling manifest [K
pulling 2049f5674b1e:   8% ▕█                 ▏ 735 MB/9.0 GB  4.8 MB/s  28m39s[K[?25h[?2026l[?2026h[?25l[A[1Gpulling manifest [K
pulling 2049f5674b1e:   8% ▕█                 ▏ 736 MB/9.0 GB  4.8 MB/s  28m39s[K[?25h[?2026l[?2026h[?25l[A[1Gpulling manifest [K
pulling 2049f5674b1e:   8% ▕█                 ▏ 736 MB/9.0 GB  4.8 MB/s  28m39s[K[?25h[?2026l[?2026h[?25l[A[1Gpulling manifest [K
pulling 2049f5674b1e:   8% ▕█                 ▏ 737 MB/9.0 GB  4.8 MB/s  28m39s[K[?25h[?2026l[?2026h[?25l[A[1Gpulling manifest [K
pulling 2049f5674b1e:   8% ▕█                 ▏ 737 MB/9.0 GB  4.8 MB/s  28m39s[K[?25h[?2026l[?2026h[?25l[A[1Gpulling manifest [K
pulling 2049f5674b1e:   8% ▕█                 ▏ 738 MB/9.0 GB  4.8 MB/s  28m30s[K[?25h[?2026l[?2026h[?25l[A[1Gpulling manifest [K
pulling 2049f5674b1e:   8% ▕█                 ▏ 738 MB/9.0 GB  4.8 MB/s  28m30s[K[?25h[?2026l[?2026h[?25l[A[1Gpulling manifest [K
pulling 2049f5674b1e:   8% ▕█                 ▏ 739 MB/9.0 GB  4.8 MB/s  28m30s[K[?25h[?2026l[?2026h[?25l[A[1Gpulling manifest [K
pulling 2049f5674b1e:   8% ▕█                 ▏ 739 MB/9.0 GB  4.8 MB/s  28m30s[K[?25h[?2026l[?2026h[?25l[A[1Gpulling manifest [K
pulling 2049f5674b1e:   8% ▕█                 ▏ 740 MB/9.0 GB  4.8 MB/s  28m30s[K[?25h[?2026l[?2026h[?25l[A[1Gpulling manifest [K
pulling 2049f5674b1e:   8% ▕█                 ▏ 740 MB/9.0 GB  4.8 MB/s  28m30s[K[?25h[?2026l[?2026h[?25l[A[1Gpulling manifest [K
pulling 2049f5674b1e:   8% ▕█                 ▏ 741 MB/9.0 GB  4.8 MB/s  28m30s[K[?25h[?2026l[?2026h[?25l[A[1Gpulling manifest [K
pulling 2049f5674b1e:   8% ▕█                 ▏ 741 MB/9.0 GB  4.8 MB/s  28m30s[K[?25h[?2026l[?2026h[?25l[A[1Gpulling manifest [K
pulling 2049f5674b1e:   8% ▕█                 ▏ 742 MB/9.0 GB  4.8 MB/s  28m30s[K[?25h[?2026l[?2026h[?25l[A[1Gpulling manifest [K
pulling 2049f5674b1e:   8% ▕█                 ▏ 742 MB/9.0 GB  4.8 MB/s  28m30s[K[?25h[?2026l[?2026h[?25l[A[1Gpulling manifest [K
pulling 2049f5674b1e:   8% ▕█                 ▏ 742 MB/9.0 GB  4.8 MB/s  28m25s[K[?25h[?2026l[?2026h[?25l[A[1Gpulling manifest [K
pulling 2049f5674b1e:   8% ▕█                 ▏ 743 MB/9.0 GB  4.8 MB/s  28m25s[K[?25h[?2026l[?2026h[?25l[A[1Gpulling manifest [K
pulling 2049f5674b1e:   8% ▕█                 ▏ 743 MB/9.0 GB  4.8 MB/s  28m25s[K[?25h[?2026l[?2026h[?25l[A[1Gpulling manifest [K
pulling 2049f5674b1e:   8% ▕█                 ▏ 744 MB/9.0 GB  4.8 MB/s  28m25s[K[?25h[?2026l[?2026h[?25l[A[1Gpulling manifest [K
pulling 2049f5674b1e:   8% ▕█                 ▏ 744 MB/9.0 GB  4.8 MB/s  28m25s[K[?25h[?2026l[?2026h[?25l[A[1Gpulling manifest [K
pulling 2049f5674b1e:   8% ▕█                 ▏ 745 MB/9.0 GB  4.8 MB/s  28m25s[K[?25h[?2026l[?2026h[?25l[A[1Gpulling manifest [K
pulling 2049f5674b1e:   8% ▕█                 ▏ 745 MB/9.0 GB  4.8 MB/s  28m25s[K[?25h[?2026l[?2026h[?25l[A[1Gpulling manifest [K
pulling 2049f5674b1e:   8% ▕█                 ▏ 746 MB/9.0 GB  4.8 MB/s  28m24s[K[?25h[?2026l[?2026h[?25l[A[1Gpulling manifest [K
pulling 2049f5674b1e:   8% ▕█                 ▏ 746 MB/9.0 GB  4.8 MB/s  28m24s[K[?25h[?2026l[?2026h[?25l[A[1Gpulling manifest [K
pulling 2049f5674b1e:   8% ▕█                 ▏ 747 MB/9.0 GB  4.8 MB/s  28m24s[K[?25h[?2026l[?2026h[?25l[A[1Gpulling manifest [K
pulling 2049f5674b1e:   8% ▕█                 ▏ 747 MB/9.0 GB  4.8 MB/s  28m27s[K[?25h[?2026l[?2026h[?25l[A[1Gpulling manifest [K
pulling 2049f5674b1e:   8% ▕█                 ▏ 748 MB/9.0 GB  4.8 MB/s  28m27s[K[?25h[?2026l[?2026h[?25l[A[1Gpulling manifest [K
pulling 2049f5674b1e:   8% ▕█                 ▏ 748 MB/9.0 GB  4.8 MB/s  28m26s[K[?25h[?2026l[?2026h[?25l[A[1Gpulling manifest [K
pulling 2049f5674b1e:   8% ▕█                 ▏ 749 MB/9.0 GB  4.8 MB/s  28m26s[K[?25h[?2026l[?2026h[?25l[A[1Gpulling manifest [K
pulling 2049f5674b1e:   8% ▕█                 ▏ 749 MB/9.0 GB  4.8 MB/s  28m26s[K[?25h[?2026l[?2026h[?25l[A[1Gpulling manifest [K
pulling 2049f5674b1e:   8% ▕█                 ▏ 749 MB/9.0 GB  4.8 MB/s  28m26s[K[?25h[?2026l[?2026h[?25l[A[1Gpulling manifest [K
pulling 2049f5674b1e:   8% ▕█                 ▏ 750 MB/9.0 GB  4.8 MB/s  28m26s[K[?25h[?2026l[?2026h[?25l[A[1Gpulling manifest [K
pulling 2049f5674b1e:   8% ▕█                 ▏ 750 MB/9.0 GB  4.8 MB/s  28m26s[K[?25h[?2026l[?2026h[?25l[A[1Gpulling manifest [K
pulling 2049f5674b1e:   8% ▕█                 ▏ 751 MB/9.0 GB  4.8 MB/s  28m26s[K[?25h[?2026l[?2026h[?25l[A[1Gpulling manifest [K
pulling 2049f5674b1e:   8% ▕█                 ▏ 751 MB/9.0 GB  4.8 MB/s  28m26s[K[?25h[?2026l[?2026h[?25l[A[1Gpulling manifest [K
pulling 2049f5674b1e:   8% ▕█                 ▏ 752 MB/9.0 GB  4.8 MB/s  28m29s[K[?25h[?2026l[?2026h[?25l[A[1Gpulling manifest [K
pulling 2049f5674b1e:   8% ▕█                 ▏ 752 MB/9.0 GB  4.8 MB/s  28m29s[K[?25h[?2026l[?2026h[?25l[A[1Gpulling manifest [K
pulling 2049f5674b1e:   8% ▕█                 ▏ 753 MB/9.0 GB  4.8 MB/s  28m29s[K[?25h[?2026l[?2026h[?25l[A[1Gpulling manifest [K
pulling 2049f5674b1e:   8% ▕█                 ▏ 753 MB/9.0 GB  4.8 MB/s  28m29s[K[?25h[?2026l[?2026h[?25l[A[1Gpulling manifest [K
pulling 2049f5674b1e:   8% ▕█                 ▏ 753 MB/9.0 GB  4.8 MB/s  28m29s[K[?25h[?2026l[?2026h[?25l[A[1Gpulling manifest [K
pulling 2049f5674b1e:   8% ▕█                 ▏ 754 MB/9.0 GB  4.8 MB/s  28m29s[K[?25h[?2026l[?2026h[?25l[A[1Gpulling manifest [K
pulling 2049f5674b1e:   8% ▕█                 ▏ 755 MB/9.0 GB  4.8 MB/s  28m29s[K[?25h[?2026l[?2026h[?25l[A[1Gpulling manifest [K
pulling 2049f5674b1e:   8% ▕█                 ▏ 755 MB/9.0 GB  4.8 MB/s  28m29s[K[?25h[?2026l[?2026h[?25l[A[1Gpulling manifest [K
pulling 2049f5674b1e:   8% ▕█                 ▏ 756 MB/9.0 GB  4.8 MB/s  28m29s[K[?25h[?2026l[?2026h[?25l[A[1Gpulling manifest [K
pulling 2049f5674b1e:   8% ▕█                 ▏ 756 MB/9.0 GB  4.8 MB/s  28m29s[K[?25h[?2026l[?2026h[?25l[A[1Gpulling manifest [K
pulling 2049f5674b1e:   8% ▕█                 ▏ 756 MB/9.0 GB  4.8 MB/s  28m29s[K[?25h[?2026l[?2026h[?25l[A[1Gpulling manifest [K
pulling 2049f5674b1e:   8% ▕█                 ▏ 757 MB/9.0 GB  4.8 MB/s  28m31s[K[?25h[?2026l[?2026h[?25l[A[1Gpulling manifest [K
pulling 2049f5674b1e:   8% ▕█                 ▏ 757 MB/9.0 GB  4.8 MB/s  28m31s[K[?25h[?2026l[?2026h[?25l[A[1Gpulling manifest [K
pulling 2049f5674b1e:   8% ▕█                 ▏ 758 MB/9.0 GB  4.8 MB/s  28m31s[K[?25h[?2026l[?2026h[?25l[A[1Gpulling manifest [K
pulling 2049f5674b1e:   8% ▕█                 ▏ 758 MB/9.0 GB  4.8 MB/s  28m31s[K[?25h[?2026l[?2026h[?25l[A[1Gpulling manifest [K
pulling 2049f5674b1e:   8% ▕█                 ▏ 759 MB/9.0 GB  4.8 MB/s  28m31s[K[?25h[?2026l[?2026h[?25l[A[1Gpulling manifest [K
pulling 2049f5674b1e:   8% ▕█                 ▏ 759 MB/9.0 GB  4.8 MB/s  28m31s[K[?25h[?2026l[?2026h[?25l[A[1Gpulling manifest [K
pulling 2049f5674b1e:   8% ▕█                 ▏ 760 MB/9.0 GB  4.8 MB/s  28m31s[K[?25h[?2026l[?2026h[?25l[A[1Gpulling manifest [K
pulling 2049f5674b1e:   8% ▕█                 ▏ 760 MB/9.0 GB  4.8 MB/s  28m30s[K[?25h[?2026l[?2026h[?25l[A[1Gpulling manifest [K
pulling 2049f5674b1e:   8% ▕█                 ▏ 761 MB/9.0 GB  4.8 MB/s  28m30s[K[?25h[?2026l[?2026h[?25l[A[1Gpulling manifest [K
pulling 2049f5674b1e:   8% ▕█                 ▏ 761 MB/9.0 GB  4.8 MB/s  28m30s[K[?25h[?2026l[?2026h[?25l[A[1Gpulling manifest [K
pulling 2049f5674b1e:   8% ▕█                 ▏ 762 MB/9.0 GB  4.8 MB/s  28m31s[K[?25h[?2026l[?2026h[?25l[A[1Gpulling manifest [K
pulling 2049f5674b1e:   8% ▕█                 ▏ 762 MB/9.0 GB  4.8 MB/s  28m31s[K[?25h[?2026l[?2026h[?25l[A[1Gpulling manifest [K
pulling 2049f5674b1e:   8% ▕█                 ▏ 763 MB/9.0 GB  4.8 MB/s  28m31s[K[?25h[?2026l[?2026h[?25l[A[1Gpulling manifest [K
pulling 2049f5674b1e:   8% ▕█                 ▏ 763 MB/9.0 GB  4.8 MB/s  28m31s[K[?25h[?2026l[?2026h[?25l[A[1Gpulling manifest [K
pulling 2049f5674b1e:   8% ▕█                 ▏ 763 MB/9.0 GB  4.8 MB/s  28m31s[K[?25h[?2026l[?2026h[?25l[A[1Gpulling manifest [K
pulling 2049f5674b1e:   9% ▕█                 ▏ 764 MB/9.0 GB  4.8 MB/s  28m31s[K[?25h[?2026l[?2026h[?25l[A[1Gpulling manifest [K
pulling 2049f5674b1e:   9% ▕█                 ▏ 765 MB/9.0 GB  4.8 MB/s  28m31s[K[?25h[?2026l[?2026h[?25l[A[1Gpulling manifest [K
pulling 2049f5674b1e:   9% ▕█                 ▏ 765 MB/9.0 GB  4.8 MB/s  28m31s[K[?25h[?2026l[?2026h[?25l[A[1Gpulling manifest [K
pulling 2049f5674b1e:   9% ▕█                 ▏ 765 MB/9.0 GB  4.8 MB/s  28m30s[K[?25h[?2026l[?2026h[?25l[A[1Gpulling manifest [K
pulling 2049f5674b1e:   9% ▕█                 ▏ 766 MB/9.0 GB  4.8 MB/s  28m30s[K[?25h[?2026l[?2026h[?25l[A[1Gpulling manifest [K
pulling 2049f5674b1e:   9% ▕█                 ▏ 766 MB/9.0 GB  4.8 MB/s  28m21s[K[?25h[?2026l[?2026h[?25l[A[1Gpulling manifest [K
pulling 2049f5674b1e:   9% ▕█                 ▏ 767 MB/9.0 GB  4.8 MB/s  28m21s[K[?25h[?2026l[?2026h[?25l[A[1Gpulling manifest [K
pulling 2049f5674b1e:   9% ▕█                 ▏ 768 MB/9.0 GB  4.8 MB/s  28m21s[K[?25h[?2026l[?2026h[?25l[A[1Gpulling manifest [K
pulling 2049f5674b1e:   9% ▕█                 ▏ 768 MB/9.0 GB  4.8 MB/s  28m21s[K[?25h[?2026l[?2026h[?25l[A[1Gpulling manifest [K
pulling 2049f5674b1e:   9% ▕█                 ▏ 768 MB/9.0 GB  4.8 MB/s  28m21s[K[?25h[?2026l[?2026h[?25l[A[1Gpulling manifest [K
pulling 2049f5674b1e:   9% ▕█                 ▏ 769 MB/9.0 GB  4.8 MB/s  28m21s[K[?25h[?2026l[?2026h[?25l[A[1Gpulling manifest [K
pulling 2049f5674b1e:   9% ▕█                 ▏ 769 MB/9.0 GB  4.8 MB/s  28m21s[K[?25h[?2026l[?2026h[?25l[A[1Gpulling manifest [K
pulling 2049f5674b1e:   9% ▕█                 ▏ 770 MB/9.0 GB  4.8 MB/s  28m21s[K[?25h[?2026l[?2026h[?25l[A[1Gpulling manifest [K
pulling 2049f5674b1e:   9% ▕█                 ▏ 770 MB/9.0 GB  4.8 MB/s  28m20s[K[?25h[?2026l[?2026h[?25l[A[1Gpulling manifest [K
pulling 2049f5674b1e:   9% ▕█                 ▏ 771 MB/9.0 GB  4.8 MB/s  28m20s[K[?25h[?2026l[?2026h[?25l[A[1Gpulling manifest [K
pulling 2049f5674b1e:   9% ▕█                 ▏ 771 MB/9.0 GB  4.8 MB/s  28m17s[K[?25h[?2026l[?2026h[?25l[A[1Gpulling manifest [K
pulling 2049f5674b1e:   9% ▕█                 ▏ 772 MB/9.0 GB  4.8 MB/s  28m17s[K[?25h[?2026l[?2026h[?25l[A[1Gpulling manifest [K
pulling 2049f5674b1e:   9% ▕█                 ▏ 772 MB/9.0 GB  4.8 MB/s  28m17s[K[?25h[?2026l[?2026h[?25l[A[1Gpulling manifest [K
pulling 2049f5674b1e:   9% ▕█                 ▏ 773 MB/9.0 GB  4.8 MB/s  28m17s[K[?25h[?2026l[?2026h[?25l[A[1Gpulling manifest [K
pulling 2049f5674b1e:   9% ▕█                 ▏ 773 MB/9.0 GB  4.8 MB/s  28m17s[K[?25h[?2026l[?2026h[?25l[A[1Gpulling manifest [K
pulling 2049f5674b1e:   9% ▕█                 ▏ 773 MB/9.0 GB  4.8 MB/s  28m17s[K[?25h[?2026l[?2026h[?25l[A[1Gpulling manifest [K
pulling 2049f5674b1e:   9% ▕█                 ▏ 774 MB/9.0 GB  4.8 MB/s  28m16s[K[?25h[?2026l[?2026h[?25l[A[1Gpulling manifest [K
pulling 2049f5674b1e:   9% ▕█                 ▏ 775 MB/9.0 GB  4.8 MB/s  28m16s[K[?25h[?2026l[?2026h[?25l[A[1Gpulling manifest [K
pulling 2049f5674b1e:   9% ▕█                 ▏ 775 MB/9.0 GB  4.8 MB/s  28m16s[K[?25h[?2026l[?2026h[?25l[A[1Gpulling manifest [K
pulling 2049f5674b1e:   9% ▕█                 ▏ 776 MB/9.0 GB  4.8 MB/s  28m16s[K[?25h[?2026l[?2026h[?25l[A[1Gpulling manifest [K
pulling 2049f5674b1e:   9% ▕█                 ▏ 776 MB/9.0 GB  4.8 MB/s  28m20s[K[?25h[?2026l[?2026h[?25l[A[1Gpulling manifest [K
pulling 2049f5674b1e:   9% ▕█                 ▏ 776 MB/9.0 GB  4.8 MB/s  28m20s[K[?25h[?2026l[?2026h[?25l[A[1Gpulling manifest [K
pulling 2049f5674b1e:   9% ▕█                 ▏ 777 MB/9.0 GB  4.8 MB/s  28m20s[K[?25h[?2026l[?2026h[?25l[A[1Gpulling manifest [K
pulling 2049f5674b1e:   9% ▕█                 ▏ 777 MB/9.0 GB  4.8 MB/s  28m20s[K[?25h[?2026l[?2026h[?25l[A[1Gpulling manifest [K
pulling 2049f5674b1e:   9% ▕█                 ▏ 778 MB/9.0 GB  4.8 MB/s  28m20s[K[?25h[?2026l[?2026h[?25l[A[1Gpulling manifest [K
pulling 2049f5674b1e:   9% ▕█                 ▏ 778 MB/9.0 GB  4.8 MB/s  28m20s[K[?25h[?2026l[?2026h[?25l[A[1Gpulling manifest [K
pulling 2049f5674b1e:   9% ▕█                 ▏ 779 MB/9.0 GB  4.8 MB/s  28m19s[K[?25h[?2026l[?2026h[?25l[A[1Gpulling manifest [K
pulling 2049f5674b1e:   9% ▕█                 ▏ 779 MB/9.0 GB  4.8 MB/s  28m19s[K[?25h[?2026l[?2026h[?25l[A[1Gpulling manifest [K
pulling 2049f5674b1e:   9% ▕█                 ▏ 780 MB/9.0 GB  4.8 MB/s  28m19s[K[?25h[?2026l[?2026h[?25l[A[1Gpulling manifest [K
pulling 2049f5674b1e:   9% ▕█                 ▏ 780 MB/9.0 GB  4.8 MB/s  28m19s[K[?25h[?2026l[?2026h[?25l[A[1Gpulling manifest [K
pulling 2049f5674b1e:   9% ▕█                 ▏ 781 MB/9.0 GB  4.8 MB/s  28m19s[K[?25h[?2026l[?2026h[?25l[A[1Gpulling manifest [K
pulling 2049f5674b1e:   9% ▕█                 ▏ 781 MB/9.0 GB  4.8 MB/s  28m23s[K[?25h[?2026l[?2026h[?25l[A[1Gpulling manifest [K
pulling 2049f5674b1e:   9% ▕█                 ▏ 782 MB/9.0 GB  4.8 MB/s  28m23s[K[?25h[?2026l[?2026h[?25l[A[1Gpulling manifest [K
pulling 2049f5674b1e:   9% ▕█                 ▏ 782 MB/9.0 GB  4.8 MB/s  28m23s[K[?25h[?2026l[?2026h[?25l[A[1Gpulling manifest [K
pulling 2049f5674b1e:   9% ▕█                 ▏ 783 MB/9.0 GB  4.8 MB/s  28m23s[K[?25h[?2026l[?2026h[?25l[A[1Gpulling manifest [K
pulling 2049f5674b1e:   9% ▕█                 ▏ 783 MB/9.0 GB  4.8 MB/s  28m23s[K[?25h[?2026l[?2026h[?25l[A[1Gpulling manifest [K
pulling 2049f5674b1e:   9% ▕█                 ▏ 783 MB/9.0 GB  4.8 MB/s  28m23s[K[?25h[?2026l[?2026h[?25l[A[1Gpulling manifest [K
pulling 2049f5674b1e:   9% ▕█                 ▏ 784 MB/9.0 GB  4.8 MB/s  28m23s[K[?25h[?2026l[?2026h[?25l[A[1Gpulling manifest [K
pulling 2049f5674b1e:   9% ▕█                 ▏ 785 MB/9.0 GB  4.8 MB/s  28m22s[K[?25h[?2026l[?2026h[?25l[A[1Gpulling manifest [K
pulling 2049f5674b1e:   9% ▕█                 ▏ 785 MB/9.0 GB  4.8 MB/s  28m22s[K[?25h[?2026l[?2026h[?25l[A[1Gpulling manifest [K
pulling 2049f5674b1e:   9% ▕█                 ▏ 785 MB/9.0 GB  4.8 MB/s  28m22s[K[?25h[?2026l[?2026h[?25l[A[1Gpulling manifest [K
pulling 2049f5674b1e:   9% ▕█                 ▏ 786 MB/9.0 GB  4.8 MB/s  28m22s[K[?25h[?2026l[?2026h[?25l[A[1Gpulling manifest [K
pulling 2049f5674b1e:   9% ▕█                 ▏ 786 MB/9.0 GB  4.8 MB/s  28m21s[K[?25h[?2026l[?2026h[?25l[A[1Gpulling manifest [K
pulling 2049f5674b1e:   9% ▕█                 ▏ 787 MB/9.0 GB  4.8 MB/s  28m21s[K[?25h[?2026l[?2026h[?25l[A[1Gpulling manifest [K
pulling 2049f5674b1e:   9% ▕█                 ▏ 788 MB/9.0 GB  4.8 MB/s  28m21s[K[?25h[?2026l[?2026h[?25l[A[1Gpulling manifest [K
pulling 2049f5674b1e:   9% ▕█                 ▏ 788 MB/9.0 GB  4.8 MB/s  28m21s[K[?25h[?2026l[?2026h[?25l[A[1Gpulling manifest [K
pulling 2049f5674b1e:   9% ▕█                 ▏ 788 MB/9.0 GB  4.8 MB/s  28m21s[K[?25h[?2026l[?2026h[?25l[A[1Gpulling manifest [K
pulling 2049f5674b1e:   9% ▕█                 ▏ 789 MB/9.0 GB  4.8 MB/s  28m21s[K[?25h[?2026l[?2026h[?25l[A[1Gpulling manifest [K
pulling 2049f5674b1e:   9% ▕█                 ▏ 789 MB/9.0 GB  4.8 MB/s  28m21s[K[?25h[?2026l[?2026h[?25l[A[1Gpulling manifest [K
pulling 2049f5674b1e:   9% ▕█                 ▏ 790 MB/9.0 GB  4.8 MB/s  28m21s[K[?25h[?2026l[?2026h[?25l[A[1Gpulling manifest [K
pulling 2049f5674b1e:   9% ▕█                 ▏ 790 MB/9.0 GB  4.8 MB/s  28m21s[K[?25h[?2026l[?2026h[?25l[A[1Gpulling manifest [K
pulling 2049f5674b1e:   9% ▕█                 ▏ 791 MB/9.0 GB  4.8 MB/s  28m12s[K[?25h[?2026l[?2026h[?25l[A[1Gpulling manifest [K
pulling 2049f5674b1e:   9% ▕█                 ▏ 791 MB/9.0 GB  4.8 MB/s  28m12s[K[?25h[?2026l[?2026h[?25l[A[1Gpulling manifest [K
pulling 2049f5674b1e:   9% ▕█                 ▏ 792 MB/9.0 GB  4.8 MB/s  28m11s[K[?25h[?2026l[?2026h[?25l[A[1Gpulling manifest [K
pulling 2049f5674b1e:   9% ▕█                 ▏ 792 MB/9.0 GB  4.8 MB/s  28m11s[K[?25h[?2026l[?2026h[?25l[A[1Gpulling manifest [K
pulling 2049f5674b1e:   9% ▕█                 ▏ 793 MB/9.0 GB  4.8 MB/s  28m11s[K[?25h[?2026l[?2026h[?25l[A[1Gpulling manifest [K
pulling 2049f5674b1e:   9% ▕█                 ▏ 793 MB/9.0 GB  4.8 MB/s  28m11s[K[?25h[?2026l[?2026h[?25l[A[1Gpulling manifest [K
pulling 2049f5674b1e:   9% ▕█                 ▏ 794 MB/9.0 GB  4.8 MB/s  28m11s[K[?25h[?2026l[?2026h[?25l[A[1Gpulling manifest [K
pulling 2049f5674b1e:   9% ▕█                 ▏ 794 MB/9.0 GB  4.8 MB/s  28m11s[K[?25h[?2026l[?2026h[?25l[A[1Gpulling manifest [K
pulling 2049f5674b1e:   9% ▕█                 ▏ 795 MB/9.0 GB  4.8 MB/s  28m11s[K[?25h[?2026l[?2026h[?25l[A[1Gpulling manifest [K
pulling 2049f5674b1e:   9% ▕█                 ▏ 795 MB/9.0 GB  4.8 MB/s  28m11s[K[?25h[?2026l[?2026h[?25l[A[1Gpulling manifest [K
pulling 2049f5674b1e:   9% ▕█                 ▏ 796 MB/9.0 GB  4.9 MB/s   28m4s[K[?25h[?2026l[?2026h[?25l[A[1Gpulling manifest [K
pulling 2049f5674b1e:   9% ▕█                 ▏ 796 MB/9.0 GB  4.9 MB/s   28m4s[K[?25h[?2026l[?2026h[?25l[A[1Gpulling manifest [K
pulling 2049f5674b1e:   9% ▕█                 ▏ 797 MB/9.0 GB  4.9 MB/s   28m4s[K[?25h[?2026l[?2026h[?25l[A[1Gpulling manifest [K
pulling 2049f5674b1e:   9% ▕█                 ▏ 797 MB/9.0 GB  4.9 MB/s   28m4s[K[?25h[?2026l[?2026h[?25l[A[1Gpulling manifest [K
pulling 2049f5674b1e:   9% ▕█                 ▏ 798 MB/9.0 GB  4.9 MB/s   28m4s[K[?25h[?2026l[?2026h[?25l[A[1Gpulling manifest [K
pulling 2049f5674b1e:   9% ▕█                 ▏ 798 MB/9.0 GB  4.9 MB/s   28m4s[K[?25h[?2026l[?2026h[?25l[A[1Gpulling manifest [K
pulling 2049f5674b1e:   9% ▕█                 ▏ 798 MB/9.0 GB  4.9 MB/s   28m3s[K[?25h[?2026l[?2026h[?25l[A[1Gpulling manifest [K
pulling 2049f5674b1e:   9% ▕█                 ▏ 799 MB/9.0 GB  4.9 MB/s   28m3s[K[?25h[?2026l[?2026h[?25l[A[1Gpulling manifest [K
pulling 2049f5674b1e:   9% ▕█                 ▏ 799 MB/9.0 GB  4.9 MB/s   28m3s[K[?25h[?2026l[?2026h[?25l[A[1Gpulling manifest [K
pulling 2049f5674b1e:   9% ▕█                 ▏ 800 MB/9.0 GB  4.9 MB/s   28m3s[K[?25h[?2026l[?2026h[?25l[A[1Gpulling manifest [K
pulling 2049f5674b1e:   9% ▕█                 ▏ 800 MB/9.0 GB  4.9 MB/s   28m4s[K[?25h[?2026l[?2026h[?25l[A[1Gpulling manifest [K
pulling 2049f5674b1e:   9% ▕█                 ▏ 801 MB/9.0 GB  4.9 MB/s   28m4s[K[?25h[?2026l[?2026h[?25l[A[1Gpulling manifest [K
pulling 2049f5674b1e:   9% ▕█                 ▏ 801 MB/9.0 GB  4.9 MB/s   28m4s[K[?25h[?2026l[?2026h[?25l[A[1Gpulling manifest [K
pulling 2049f5674b1e:   9% ▕█                 ▏ 802 MB/9.0 GB  4.9 MB/s   28m4s[K[?25h[?2026l[?2026h[?25l[A[1Gpulling manifest [K
pulling 2049f5674b1e:   9% ▕█                 ▏ 802 MB/9.0 GB  4.9 MB/s   28m4s[K[?25h[?2026l[?2026h[?25l[A[1Gpulling manifest [K
pulling 2049f5674b1e:   9% ▕█                 ▏ 803 MB/9.0 GB  4.9 MB/s   28m3s[K[?25h[?2026l[?2026h[?25l[A[1Gpulling manifest [K
pulling 2049f5674b1e:   9% ▕█                 ▏ 803 MB/9.0 GB  4.9 MB/s   28m3s[K[?25h[?2026l[?2026h[?25l[A[1Gpulling manifest [K
pulling 2049f5674b1e:   9% ▕█                 ▏ 803 MB/9.0 GB  4.9 MB/s   28m3s[K[?25h[?2026l[?2026h[?25l[A[1Gpulling manifest [K
pulling 2049f5674b1e:   9% ▕█                 ▏ 804 MB/9.0 GB  4.9 MB/s   28m3s[K[?25h[?2026l[?2026h[?25l[A[1Gpulling manifest [K
pulling 2049f5674b1e:   9% ▕█                 ▏ 804 MB/9.0 GB  4.9 MB/s   28m3s[K[?25h[?2026l[?2026h[?25l[A[1Gpulling manifest [K
pulling 2049f5674b1e:   9% ▕█                 ▏ 805 MB/9.0 GB  4.9 MB/s   28m3s[K[?25h[?2026l[?2026h[?25l[A[1Gpulling manifest [K
pulling 2049f5674b1e:   9% ▕█                 ▏ 805 MB/9.0 GB  4.9 MB/s   28m2s[K[?25h[?2026l[?2026h[?25l[A[1Gpulling manifest [K
pulling 2049f5674b1e:   9% ▕█                 ▏ 806 MB/9.0 GB  4.9 MB/s   28m2s[K[?25h[?2026l[?2026h[?25l[A[1Gpulling manifest [K
pulling 2049f5674b1e:   9% ▕█                 ▏ 806 MB/9.0 GB  4.9 MB/s   28m2s[K[?25h[?2026l[?2026h[?25l[A[1Gpulling manifest [K
pulling 2049f5674b1e:   9% ▕█                 ▏ 807 MB/9.0 GB  4.9 MB/s   28m2s[K[?25h[?2026l[?2026h[?25l[A[1Gpulling manifest [K
pulling 2049f5674b1e:   9% ▕█                 ▏ 807 MB/9.0 GB  4.9 MB/s   28m2s[K[?25h[?2026l[?2026h[?25l[A[1Gpulling manifest [K
pulling 2049f5674b1e:   9% ▕█                 ▏ 808 MB/9.0 GB  4.9 MB/s   28m2s[K[?25h[?2026l[?2026h[?25l[A[1Gpulling manifest [K
pulling 2049f5674b1e:   9% ▕█                 ▏ 808 MB/9.0 GB  4.9 MB/s   28m1s[K[?25h[?2026l[?2026h[?25l[A[1Gpulling manifest [K
pulling 2049f5674b1e:   9% ▕█                 ▏ 809 MB/9.0 GB  4.9 MB/s   28m1s[K[?25h[?2026l[?2026h[?25l[A[1Gpulling manifest [K
pulling 2049f5674b1e:   9% ▕█                 ▏ 809 MB/9.0 GB  4.9 MB/s   28m1s[K[?25h[?2026l[?2026h[?25l[A[1Gpulling manifest [K
pulling 2049f5674b1e:   9% ▕█                 ▏ 810 MB/9.0 GB  4.9 MB/s   28m1s[K[?25h[?2026l[?2026h[?25l[A[1Gpulling manifest [K
pulling 2049f5674b1e:   9% ▕█                 ▏ 810 MB/9.0 GB  4.8 MB/s  28m13s[K[?25h[?2026l[?2026h[?25l[A[1Gpulling manifest [K
pulling 2049f5674b1e:   9% ▕█                 ▏ 810 MB/9.0 GB  4.8 MB/s  28m13s[K[?25h[?2026l[?2026h[?25l[A[1Gpulling manifest [K
pulling 2049f5674b1e:   9% ▕█                 ▏ 811 MB/9.0 GB  4.8 MB/s  28m13s[K[?25h[?2026l[?2026h[?25l[A[1Gpulling manifest [K
pulling 2049f5674b1e:   9% ▕█                 ▏ 812 MB/9.0 GB  4.8 MB/s  28m13s[K[?25h[?2026l[?2026h[?25l[A[1Gpulling manifest [K
pulling 2049f5674b1e:   9% ▕█                 ▏ 812 MB/9.0 GB  4.8 MB/s  28m12s[K[?25h[?2026l[?2026h[?25l[A[1Gpulling manifest [K
pulling 2049f5674b1e:   9% ▕█                 ▏ 812 MB/9.0 GB  4.8 MB/s  28m12s[K[?25h[?2026l[?2026h[?25l[A[1Gpulling manifest [K
pulling 2049f5674b1e:   9% ▕█                 ▏ 813 MB/9.0 GB  4.8 MB/s  28m12s[K[?25h[?2026l[?2026h[?25l[A[1Gpulling manifest [K
pulling 2049f5674b1e:   9% ▕█                 ▏ 813 MB/9.0 GB  4.8 MB/s  28m12s[K[?25h[?2026l[?2026h[?25l[A[1Gpulling manifest [K
pulling 2049f5674b1e:   9% ▕█                 ▏ 814 MB/9.0 GB  4.8 MB/s  28m12s[K[?25h[?2026l[?2026h[?25l[A[1Gpulling manifest [K
pulling 2049f5674b1e:   9% ▕█                 ▏ 814 MB/9.0 GB  4.8 MB/s  28m12s[K[?25h[?2026l[?2026h[?25l[A[1Gpulling manifest [K
pulling 2049f5674b1e:   9% ▕█                 ▏ 815 MB/9.0 GB  4.8 MB/s   28m9s[K[?25h[?2026l[?2026h[?25l[A[1Gpulling manifest [K
pulling 2049f5674b1e:   9% ▕█                 ▏ 815 MB/9.0 GB  4.8 MB/s   28m9s[K[?25h[?2026l[?2026h[?25l[A[1Gpulling manifest [K
pulling 2049f5674b1e:   9% ▕█                 ▏ 816 MB/9.0 GB  4.8 MB/s   28m9s[K[?25h[?2026l[?2026h[?25l[A[1Gpulling manifest [K
pulling 2049f5674b1e:   9% ▕█                 ▏ 816 MB/9.0 GB  4.8 MB/s   28m8s[K[?25h[?2026l[?2026h[?25l[A[1Gpulling manifest [K
pulling 2049f5674b1e:   9% ▕█                 ▏ 817 MB/9.0 GB  4.8 MB/s   28m8s[K[?25h[?2026l[?2026h[?25l[A[1Gpulling manifest [K
pulling 2049f5674b1e:   9% ▕█                 ▏ 817 MB/9.0 GB  4.8 MB/s   28m8s[K[?25h[?2026l[?2026h[?25l[A[1Gpulling manifest [K
pulling 2049f5674b1e:   9% ▕█                 ▏ 818 MB/9.0 GB  4.8 MB/s   28m8s[K[?25h[?2026l[?2026h[?25l[A[1Gpulling manifest [K
pulling 2049f5674b1e:   9% ▕█                 ▏ 818 MB/9.0 GB  4.8 MB/s   28m8s[K[?25h[?2026l[?2026h[?25l[A[1Gpulling manifest [K
pulling 2049f5674b1e:   9% ▕█                 ▏ 819 MB/9.0 GB  4.8 MB/s   28m8s[K[?25h[?2026l[?2026h[?25l[A[1Gpulling manifest [K
pulling 2049f5674b1e:   9% ▕█                 ▏ 819 MB/9.0 GB  4.8 MB/s   28m8s[K[?25h[?2026l[?2026h[?25l[A[1Gpulling manifest [K
pulling 2049f5674b1e:   9% ▕█                 ▏ 820 MB/9.0 GB  4.9 MB/s   28m3s[K[?25h[?2026l[?2026h[?25l[A[1Gpulling manifest [K
pulling 2049f5674b1e:   9% ▕█                 ▏ 820 MB/9.0 GB  4.9 MB/s   28m3s[K[?25h[?2026l[?2026h[?25l[A[1Gpulling manifest [K
pulling 2049f5674b1e:   9% ▕█                 ▏ 821 MB/9.0 GB  4.9 MB/s   28m3s[K[?25h[?2026l[?2026h[?25l[A[1Gpulling manifest [K
pulling 2049f5674b1e:   9% ▕█                 ▏ 821 MB/9.0 GB  4.9 MB/s   28m3s[K[?25h[?2026l[?2026h[?25l[A[1Gpulling manifest [K
pulling 2049f5674b1e:   9% ▕█                 ▏ 822 MB/9.0 GB  4.9 MB/s   28m3s[K[?25h[?2026l[?2026h[?25l[A[1Gpulling manifest [K
pulling 2049f5674b1e:   9% ▕█                 ▏ 822 MB/9.0 GB  4.9 MB/s   28m3s[K[?25h[?2026l[?2026h[?25l[A[1Gpulling manifest [K
pulling 2049f5674b1e:   9% ▕█                 ▏ 823 MB/9.0 GB  4.9 MB/s   28m3s[K[?25h[?2026l[?2026h[?25l[A[1Gpulling manifest [K
pulling 2049f5674b1e:   9% ▕█                 ▏ 823 MB/9.0 GB  4.9 MB/s   28m3s[K[?25h[?2026l[?2026h[?25l[A[1Gpulling manifest [K
pulling 2049f5674b1e:   9% ▕█                 ▏ 823 MB/9.0 GB  4.9 MB/s   28m2s[K[?25h[?2026l[?2026h[?25l[A[1Gpulling manifest [K
pulling 2049f5674b1e:   9% ▕█                 ▏ 824 MB/9.0 GB  4.9 MB/s   28m2s[K[?25h[?2026l[?2026h[?25l[A[1Gpulling manifest [K
pulling 2049f5674b1e:   9% ▕█                 ▏ 825 MB/9.0 GB  4.9 MB/s  27m59s[K[?25h[?2026l[?2026h[?25l[A[1Gpulling manifest [K
pulling 2049f5674b1e:   9% ▕█                 ▏ 825 MB/9.0 GB  4.9 MB/s  27m59s[K[?25h[?2026l